0,80,0,938,2.0851798057556152,3.8972883224487305,2.372863531112671,0.22884038090705872,0.2717166244983673,0.2544857859611511
0,80,100,938,1.3190560340881348,5.226424217224121,2.310263156890869,0.6312360763549805,0.4239155650138855,0.08212722092866898
0,80,200,938,1.1336241960525513,4.6983418464660645,2.2994604110717773,0.7076570391654968,0.4802159070968628,0.1064697653055191
0,80,300,938,0.9602152109146118,4.482248306274414,2.2939059734344482,0.7474140524864197,0.4576387405395508,0.13048866391181946
0,80,400,938,0.5546517372131348,3.189042568206787,1.392591118812561,0.7055063247680664,0.1471848338842392,0.18983995914459229
0,80,500,938,1.7176796197891235,4.266127586364746,1.070178747177124,0.9729224443435669,0.7744749784469604,0.0538807138800621
0,80,600,938,0.8920372724533081,2.938631534576416,0.5835862755775452,0.7961326837539673,0.4497016668319702,0.10792258381843567
0,80,700,938,0.8271685242652893,3.412594795227051,0.32771581411361694,0.8568219542503357,0.43834397196769714,0.05640557408332825
0,80,800,938,1.4750896692276,1.326941967010498,0.20754192769527435,0.2889452576637268,0.03667469695210457,0.37113577127456665
0,80,900,938,0.9387292861938477,2.7799527645111084,0.13313715159893036,0.8941435217857361,0.519222617149353,0.08397331088781357
1,80,0,938,0.488842248916626,2.933154344558716,0.10615812242031097,0.8251819610595703,0.2236340045928955,0.07543710619211197
1,80,100,938,0.7051658034324646,3.067556619644165,0.21309365332126617,0.7408076524734497,0.2848653793334961,0.0692572221159935
1,80,200,938,0.6916418075561523,1.2397066354751587,0.13851657509803772,0.6091899275779724,0.125974640250206,0.3745175004005432
1,80,300,938,0.7093314528465271,3.6333935260772705,0.09601088613271713,0.9544124007225037,0.4454379975795746,0.041292402893304825
1,80,400,938,0.7977074384689331,4.3318257331848145,0.21896123886108398,0.9282527565956116,0.4339923560619354,0.026041802018880844
1,80,500,938,0.8372917175292969,2.6551127433776855,0.08923900127410889,0.7289580702781677,0.35977980494499207,0.09491433948278427
1,80,600,938,0.949637234210968,5.964816570281982,0.16188882291316986,0.9621407985687256,0.54560387134552,0.004175614565610886
1,80,700,938,1.6124014854431152,1.8276432752609253,0.16408558189868927,0.27097266912460327,0.06610353291034698,0.23872894048690796
1,80,800,938,0.5264381170272827,1.9334776401519775,0.10776850581169128,0.669179379940033,0.08720976859331131,0.2032136470079422
1,80,900,938,2.140047311782837,4.252152442932129,0.17090778052806854,0.9180338382720947,0.790186882019043,0.03740379214286804
2,80,0,938,0.5483279228210449,2.764847755432129,0.08050739020109177,0.7665828466415405,0.20390984416007996,0.08781205117702484
2,80,100,938,1.1267448663711548,3.0147905349731445,0.11493595689535141,0.8373003602027893,0.5560305714607239,0.0688788890838623
2,80,200,938,0.9008417129516602,3.4366273880004883,0.2030760943889618,0.8699682354927063,0.4846269488334656,0.050973158329725266
2,80,300,938,1.1465325355529785,1.397871732711792,0.06653320044279099,0.3782421946525574,0.037910569459199905,0.32855185866355896
2,80,400,938,0.8314083814620972,2.9395461082458496,0.10302598029375076,0.6646712422370911,0.24897049367427826,0.0888671949505806
2,80,500,938,0.14861932396888733,6.961696624755859,0.0804145485162735,0.8678451776504517,0.0005014805938117206,0.0016722575528547168
2,80,600,938,0.5146782994270325,2.134082317352295,0.028990214690566063,0.647987425327301,0.019645465537905693,0.16551387310028076
2,80,700,938,0.11336755007505417,3.4464499950408936,0.04069405049085617,0.934928834438324,0.04185744747519493,0.042239703238010406
2,80,800,938,0.06050366163253784,4.087066173553467,0.1411854773759842,0.976934552192688,0.03544430062174797,0.027893804013729095
2,80,900,938,0.562136709690094,2.9074840545654297,0.03407406061887741,0.6503502726554871,0.07561469078063965,0.07860875874757767
3,80,0,938,0.15687693655490875,2.6173548698425293,0.14473330974578857,0.963365375995636,0.10706381499767303,0.10817418992519379
3,80,100,938,0.2523476779460907,4.103443145751953,0.10960298031568527,0.8149029016494751,0.03081846982240677,0.028024159371852875
3,80,200,938,0.17845433950424194,3.6434266567230225,0.08962695300579071,0.9609106183052063,0.12327903509140015,0.03701068460941315
3,80,300,938,0.3416374623775482,4.024637699127197,0.005445919930934906,0.8287234306335449,0.11574378609657288,0.026625994592905045
3,80,400,938,0.08003036677837372,8.619917869567871,0.04650995880365372,0.9263361096382141,0.00014123225992079824,0.0003512102412059903
3,80,500,938,0.03566792607307434,4.9649176597595215,0.012838535010814667,0.978136420249939,0.012740879319608212,0.010526441037654877
3,80,600,938,0.43213945627212524,4.29912805557251,0.042173679918050766,0.919346809387207,0.2649165093898773,0.019177773967385292
3,80,700,938,0.22654472291469574,3.709148645401001,0.016600336879491806,0.934826135635376,0.13913580775260925,0.03371571749448776
3,80,800,938,0.04267361760139465,4.589138031005859,0.08955401182174683,0.9808714985847473,0.02269907481968403,0.017210358753800392
3,80,900,938,0.045946624130010605,4.92072868347168,0.11702464520931244,0.9618078470230103,0.006539863534271717,0.012364544905722141
4,80,0,938,0.15861517190933228,4.937527656555176,0.03616117313504219,0.974538266658783,0.11894868314266205,0.01037115789949894
4,80,100,938,0.3233879804611206,2.967123031616211,0.018277175724506378,0.7881218791007996,0.05548107251524925,0.083140067756176
4,80,200,938,0.1455310583114624,4.70022439956665,0.0778362825512886,0.9616297483444214,0.09198883175849915,0.013254745863378048
4,80,300,938,1.5346474647521973,5.202144622802734,0.24569113552570343,0.9765899181365967,0.7083791494369507,0.012281031347811222
4,80,400,938,0.16782522201538086,3.7953970432281494,0.061477743089199066,0.9596046209335327,0.11211130768060684,0.03545427322387695
4,80,500,938,0.8783900737762451,3.6184241771698,0.02152237482368946,0.7575944662094116,0.3620304763317108,0.043940287083387375
4,80,600,938,0.0405673123896122,4.92324686050415,0.015347780659794807,0.9693050980567932,0.00884561613202095,0.01334923505783081
4,80,700,938,0.3755432367324829,3.0405776500701904,0.07535508275032043,0.8971983194351196,0.2047329545021057,0.07515810430049896
4,80,800,938,0.03739465773105621,7.718223571777344,0.030038882046937943,0.964737057685852,0.0006211597938090563,0.0007951926672831178
4,80,900,938,0.32871726155281067,4.251236915588379,0.012706255540251732,0.843460202217102,0.12182937562465668,0.02094930410385132
5,80,0,938,0.16644719243049622,4.040568828582764,0.01263420283794403,0.9766430854797363,0.12031219899654388,0.02835318259894848
5,80,100,938,0.09787137806415558,5.0625386238098145,0.01765821874141693,0.9902463555335999,0.08135847002267838,0.008625486865639687
5,80,200,938,0.01429558265954256,6.028171062469482,0.021147876977920532,0.9904963374137878,0.0045472788624465466,0.0048720957711339
5,80,300,938,0.004990285262465477,7.081459045410156,0.009163714945316315,0.9968081116676331,0.0017768396064639091,0.0017873001052066684
5,80,400,938,0.22988401353359222,5.133450508117676,0.010396424680948257,0.9814701676368713,0.17693839967250824,0.007697409018874168
5,80,500,938,0.15208567678928375,4.702292442321777,0.027056081220507622,0.9332663416862488,0.063358835875988,0.018851852044463158
5,80,600,938,0.795699954032898,2.0481464862823486,0.04062351956963539,0.6069265604019165,0.18622571229934692,0.17677251994609833
5,80,700,938,0.42541229724884033,3.5027825832366943,0.05370471999049187,0.8435928225517273,0.18793180584907532,0.04445553943514824
5,80,800,938,0.037627749145030975,5.463358402252197,0.07948703318834305,0.9676160216331482,0.004275588318705559,0.007783590350300074
5,80,900,938,0.6269148588180542,2.534574031829834,0.011368295177817345,0.7487408518791199,0.22912073135375977,0.11588352918624878
6,80,0,938,1.102887511253357,4.074445724487305,0.04427451267838478,0.9282271265983582,0.5735801458358765,0.025705663487315178
6,80,100,938,0.09096595644950867,3.9323763847351074,0.027962252497673035,0.9355829358100891,0.019315706565976143,0.03238467499613762
6,80,200,938,0.7297680377960205,2.8251891136169434,0.10159540176391602,0.8322060704231262,0.3776934742927551,0.07982449233531952
6,80,300,938,0.3626862168312073,3.2017579078674316,0.09100605547428131,0.9498252868652344,0.245766744017601,0.05612718686461449
6,80,400,938,0.06959232687950134,4.530032634735107,0.009442858397960663,0.9868056178092957,0.0537475161254406,0.0150383859872818
6,80,500,938,0.029997142031788826,6.263318061828613,0.0021989718079566956,0.9746097326278687,0.003877068869769573,0.0029738862067461014
6,80,600,938,0.018085535615682602,5.475738525390625,0.09623533487319946,0.9918344616889954,0.009649909101426601,0.008319342508912086
6,80,700,938,0.038785431534051895,5.439231872558594,0.0454723984003067,0.9958462715148926,0.03358977660536766,0.006189350970089436
6,80,800,938,0.1805339753627777,3.567739725112915,0.01915382221341133,0.971980094909668,0.13260409235954285,0.04252713918685913
6,80,900,938,0.10252296179533005,5.223674774169922,0.04316436126828194,0.9302215576171875,0.026570845395326614,0.009573353454470634
7,80,0,938,0.17147283256053925,3.9805984497070312,0.04654501751065254,0.9138281345367432,0.06615917384624481,0.03410658612847328
7,80,100,938,0.06283421814441681,4.831162929534912,0.1555400937795639,0.9810680747032166,0.041514527052640915,0.015364672988653183
7,80,200,938,0.44934457540512085,3.4934167861938477,0.08786431699991226,0.7784706354141235,0.12408023327589035,0.06554379314184189
7,80,300,938,0.043123625218868256,4.767070293426514,0.014848373830318451,0.9901992678642273,0.031655099242925644,0.012606000527739525
7,80,400,938,0.03532327711582184,7.689096450805664,0.007039856165647507,0.9680028557777405,0.0022730231285095215,0.0010418766178190708
7,80,500,938,0.4836869239807129,2.587869882583618,0.00835377722978592,0.8154305219650269,0.21162687242031097,0.09587662667036057
7,80,600,938,0.1078190729022026,3.9324865341186523,0.023093050345778465,0.9056759476661682,0.004173159599304199,0.032562658190727234
7,80,700,938,0.04125267639756203,4.818639278411865,0.011069553904235363,0.9820670485496521,0.022273508831858635,0.01217985525727272
7,80,800,938,0.011005132459104061,6.006910800933838,0.008095551282167435,0.9946990609169006,0.005627143196761608,0.0055787269957363605
7,80,900,938,0.1982211023569107,4.2036309242248535,0.028298119083046913,0.9641695618629456,0.12832704186439514,0.025258980691432953
8,80,0,938,0.04357248917222023,7.244416236877441,0.012469232082366943,0.9611452221870422,0.002696931129321456,0.002663044724613428
8,80,100,938,0.6193044781684875,9.101179122924805,0.029949946328997612,0.9783675670623779,0.41185569763183594,0.00017882190877571702
8,80,200,938,0.023652903735637665,5.045507431030273,0.0223739892244339,0.9883394241333008,0.011675379239022732,0.009920880198478699
8,80,300,938,0.18628786504268646,3.6825385093688965,0.015481406822800636,0.9328089952468872,0.10018057376146317,0.03521847724914551
8,80,400,938,0.807773232460022,1.9122977256774902,0.13847246766090393,0.5575677752494812,0.06538298726081848,0.26332715153694153
8,80,500,938,0.6750918030738831,2.4190990924835205,0.016344375908374786,0.7506260275840759,0.2552337050437927,0.11992333829402924
8,80,600,938,0.030070705339312553,4.651666641235352,0.017461732029914856,0.9911525249481201,0.02070704847574234,0.014062701724469662
8,80,700,938,0.01951431855559349,5.4056854248046875,0.0023974040523171425,0.9894585013389587,0.008678486570715904,0.006965423468500376
8,80,800,938,0.1066519021987915,4.615789890289307,0.013124998658895493,0.9513436555862427,0.04912302643060684,0.01980140618979931
8,80,900,938,0.9154141545295715,4.520417213439941,0.052292600274086,0.9739669561386108,0.46812283992767334,0.025189237669110298
9,80,0,938,0.21073397994041443,3.2900500297546387,0.038552772253751755,0.8580936789512634,0.035731758922338486,0.0678790807723999
9,80,100,938,1.1806882619857788,2.7433505058288574,0.11260330677032471,0.8451552391052246,0.5771675109863281,0.09451039880514145
9,80,200,938,0.06451097875833511,4.678577899932861,0.012294499203562737,0.9560738205909729,0.01858605444431305,0.01310802437365055
9,80,300,938,0.028102166950702667,4.711764812469482,0.016018982976675034,0.9890652894973755,0.016679659485816956,0.014325551688671112
9,80,400,938,0.04180503264069557,4.714432239532471,0.00488848052918911,0.9888684749603271,0.029721206054091454,0.013264265842735767
9,80,500,938,0.011767581105232239,5.58657169342041,0.05882726237177849,0.9945687651634216,0.006277456413954496,0.005858099553734064
9,80,600,938,0.00818861648440361,7.00479793548584,0.01229562982916832,0.9932623505592346,0.0014053464401513338,0.00142386625520885
9,80,700,938,0.02439752407371998,7.902721881866455,0.02956613153219223,0.9770582914352417,0.0009650164865888655,0.0005657638539560139
9,80,800,938,0.010553823783993721,10.116545677185059,0.15874777734279633,0.9896335005760193,9.650275751482695e-05,0.00010202336125075817
9,80,900,938,0.018219247460365295,5.758306980133057,0.026077983900904655,0.9853711128234863,0.0033078843262046576,0.006139121018350124
10,80,0,938,0.007572660222649574,6.536570072174072,0.03461846709251404,0.994007408618927,0.0015417711110785604,0.002488180296495557
10,80,100,938,0.009772282093763351,6.312859058380127,0.07283440232276917,0.9963561296463013,0.006055840291082859,0.003799018682911992
10,80,200,938,0.049644190818071365,4.665736198425293,0.037878867238759995,0.9564184546470642,0.003354753600433469,0.019589820876717567
10,80,300,938,0.8029545545578003,2.811875820159912,0.008472824469208717,0.9174014925956726,0.4641585350036621,0.08006880432367325
10,80,400,938,0.9818081259727478,5.599387168884277,0.15398389101028442,0.9942718148231506,0.5393943190574646,0.007402733433991671
10,80,500,938,1.326035737991333,1.938708782196045,0.010277317836880684,0.3617294430732727,0.014539537951350212,0.21691860258579254
10,80,600,938,0.2421170473098755,3.1941614151000977,0.008456259965896606,0.8604376912117004,0.07516210526227951,0.06151939183473587
10,80,700,938,0.5797514915466309,2.4530422687530518,0.007674848660826683,0.7620974183082581,0.2197377234697342,0.11801068484783173
10,80,800,938,0.28751757740974426,5.007474422454834,0.025716632604599,0.9769243001937866,0.2128477692604065,0.008977895602583885
10,80,900,938,0.12156162410974503,5.767602920532227,0.018442852422595024,0.9902899265289307,0.09284211695194244,0.004476239904761314
11,80,0,938,0.012518859468400478,7.206996917724609,0.14551717042922974,0.988813042640686,0.0011698032030835748,0.001465771347284317
11,80,100,938,0.08389884978532791,4.306282997131348,0.04181007668375969,0.9458786845207214,0.024481216445565224,0.02349361777305603
11,80,200,938,0.019339293241500854,5.584295749664307,0.03485079109668732,0.9918957352638245,0.010987291112542152,0.006287633441388607
11,80,300,938,0.005845321342349052,6.808836460113525,0.01728733256459236,0.995947003364563,0.001769271562807262,0.0019071672577410936
11,80,400,938,0.018290191888809204,5.401185512542725,0.06884053349494934,0.9951965808868408,0.013246029615402222,0.007430937606841326
11,80,500,938,0.024316633120179176,5.837974548339844,0.03500846400856972,0.996505081653595,0.019522681832313538,0.005279635079205036
11,80,600,938,0.002490048762410879,8.310056686401367,0.008595187216997147,0.9978667497634888,0.00035273737739771605,0.00040606193942949176
11,80,700,938,0.583795428276062,1.74959397315979,0.0024135932326316833,0.6925147175788879,0.10567820072174072,0.25161874294281006
11,80,800,938,0.5627299547195435,2.450496196746826,0.0022544488310813904,0.6744375228881836,0.09361105412244797,0.11379697173833847
11,80,900,938,1.3086415529251099,1.283098578453064,0.021861815825104713,0.39990824460983276,0.10539442300796509,0.37191134691238403
12,80,0,938,0.5216158628463745,6.645566940307617,0.01583831012248993,0.9755808115005493,0.3240649700164795,0.0024682742077857256
12,80,100,938,0.20156362652778625,5.2220611572265625,0.04318408668041229,0.9666284322738647,0.13905802369117737,0.00795341283082962
12,80,200,938,0.37309184670448303,2.3330764770507812,0.05324602872133255,0.7760955095291138,0.07747131586074829,0.15824881196022034
12,80,300,938,0.01457868330180645,5.328426837921143,0.037503525614738464,0.9972671270370483,0.01168577279895544,0.00803099200129509
12,80,400,938,0.0056435540318489075,6.0748443603515625,0.04133982956409454,0.9971555471420288,0.002782160881906748,0.00362379546277225
12,80,500,938,0.011229658499360085,8.119697570800781,0.03926639258861542,0.9892525672912598,0.0003868433996103704,0.0005145833711139858
12,80,600,938,0.010490228421986103,8.036170959472656,0.007211770862340927,0.9901788830757141,0.0005533150979317725,0.0005174624966457486
12,80,700,938,0.017952390015125275,5.88474702835083,0.003996998071670532,0.997464656829834,0.014886802062392235,0.005254232324659824
12,80,800,938,1.0017343759536743,4.032349109649658,0.045860785990953445,0.9491396546363831,0.5401633381843567,0.029010310769081116
12,80,900,938,0.3768385052680969,3.4265010356903076,0.002578945830464363,0.8874083757400513,0.1886189728975296,0.05381104350090027
13,80,0,938,0.7217824459075928,2.9554593563079834,0.12483574450016022,0.7041400671005249,0.20994150638580322,0.09558773785829544
13,80,100,938,0.5775007605552673,4.996528148651123,0.003041893243789673,0.9530389904975891,0.3417496681213379,0.010688899084925652
13,80,200,938,0.25245049595832825,6.251384735107422,0.052801020443439484,0.9897362589836121,0.19847992062568665,0.002935962285846472
13,80,300,938,0.7991781234741211,2.9522933959960938,0.20164239406585693,0.9047415256500244,0.4051046669483185,0.09840646386146545
13,80,400,938,2.545722484588623,0.2420179694890976,0.1271231770515442,0.13191518187522888,0.016469037160277367,0.8999658226966858
13,80,500,938,0.03790092095732689,5.485841274261475,0.009563297033309937,0.9762271642684937,0.012982961721718311,0.00987341720610857
13,80,600,938,0.024827923625707626,5.168436050415039,0.018840769305825233,0.9887658357620239,0.013237801380455494,0.009790982119739056
13,80,700,938,0.02276555448770523,5.635834217071533,0.0018755868077278137,0.9954045414924622,0.017016692087054253,0.006545154377818108
13,80,800,938,0.04660997539758682,5.71179723739624,0.008235370740294456,0.9973428845405579,0.04045221582055092,0.004896059632301331
13,80,900,938,0.004492533393204212,6.894711494445801,0.0066707804799079895,0.9974721074104309,0.001952623133547604,0.001962184440344572
14,80,0,938,0.004230320453643799,7.682741641998291,0.006946265697479248,0.9964445233345032,0.0006317885126918554,0.0006761871627531946
14,80,100,938,0.0037494031712412834,7.006812572479248,0.0029259175062179565,0.9973998069763184,0.0011412777239456773,0.001469386275857687
14,80,200,938,1.0776549577713013,5.084653377532959,0.04873931407928467,0.9604488015174866,0.5629286170005798,0.013053393922746181
14,80,300,938,0.33091092109680176,2.8181610107421875,0.03696002811193466,0.9241238832473755,0.18957261741161346,0.0940609946846962
14,80,400,938,0.014062697067856789,6.119816303253174,0.0863955169916153,0.9906820058822632,0.00462173530831933,0.004121128004044294
14,80,500,938,3.0422561168670654,5.035749912261963,0.03171225264668465,0.9859180450439453,0.8962068557739258,0.02296835370361805
14,80,600,938,0.6997039318084717,2.2182741165161133,0.005253322422504425,0.6721332669258118,0.16873709857463837,0.1527283489704132
14,80,700,938,0.7094321250915527,2.201969861984253,0.05151151120662689,0.6414571404457092,0.13727891445159912,0.1733625829219818
14,80,800,938,0.4806320369243622,1.4248312711715698,0.008837606757879257,0.7021523714065552,0.0693923607468605,0.31131070852279663
14,80,900,938,0.0943995863199234,4.741774559020996,0.0075351521372795105,0.9823428988456726,0.06928781419992447,0.013041668571531773
15,80,0,938,0.5671173334121704,2.668785810470581,0.006674092262983322,0.7449943423271179,0.17082680761814117,0.09950421005487442
15,80,100,938,0.01026928797364235,6.264463901519775,0.10351763665676117,0.9956637620925903,0.005856151692569256,0.004341243300586939
15,80,200,938,0.41815024614334106,3.309598207473755,0.011272168718278408,0.948005199432373,0.27809301018714905,0.051781512796878815
15,80,300,938,0.5303285717964172,5.056370735168457,0.08884439617395401,0.6431443095207214,0.0029685315676033497,0.02018524892628193
15,80,400,938,0.18155989050865173,3.5358352661132812,0.026610612869262695,0.9537196755409241,0.11324530839920044,0.04140126332640648
15,80,500,938,0.34421345591545105,3.2107348442077637,0.0037139076739549637,0.762769877910614,0.032925598323345184,0.06941404193639755
15,80,600,938,0.022401535883545876,6.7771759033203125,0.003008045256137848,0.9795487523078918,0.0014822287485003471,0.002000928157940507
15,80,700,938,0.005159600637853146,9.376349449157715,0.004334434866905212,0.9949870109558105,0.00012509067892096937,0.000129567866679281
15,80,800,938,0.9198488593101501,1.3176923990249634,0.015068385750055313,0.6411883234977722,0.21800526976585388,0.33877381682395935
15,80,900,938,0.4728359580039978,3.5083682537078857,0.011764230206608772,0.7035726308822632,0.042212121188640594,0.0574149489402771
16,80,0,938,0.33833155035972595,4.142298221588135,0.0634959265589714,0.9225261211395264,0.19593167304992676,0.02606876567006111
16,80,100,938,0.624904990196228,1.2834351062774658,0.035295434296131134,0.6266810297966003,0.052223265171051025,0.3671775758266449
16,80,200,938,0.028225304558873177,5.294638156890869,0.023378528654575348,0.9941901564598083,0.021024417132139206,0.01042116153985262
16,80,300,938,0.012262669391930103,5.7603020668029785,0.037434227764606476,0.9963164329528809,0.00836438313126564,0.006569595541805029
16,80,400,938,2.904388904571533,6.035780906677246,0.7397214770317078,0.9613972902297974,0.792830228805542,0.021057333797216415
16,80,500,938,0.39921554923057556,1.5273982286453247,0.006177658215165138,0.7250272035598755,0.022544650360941887,0.2723312973976135
16,80,600,938,0.39380133152008057,2.442927360534668,0.035458263009786606,0.7542160153388977,0.05982792750000954,0.13503606617450714
16,80,700,938,0.018486622720956802,5.1010212898254395,0.08812616765499115,0.9966529011726379,0.01491102110594511,0.010057459585368633
16,80,800,938,0.032022565603256226,5.566473007202148,0.1616513729095459,0.9924585223197937,0.023796385154128075,0.0074868458323180676
16,80,900,938,0.009369414299726486,6.865152359008789,0.028509074822068214,0.9925138354301453,0.0018079591682180762,0.0019978873897343874
17,80,0,938,0.032993413507938385,5.998810291290283,0.01795152947306633,0.9984392523765564,0.029223263263702393,0.0043272231705486774
17,80,100,938,0.4478410482406616,2.9287633895874023,0.025101685896515846,0.9435111284255981,0.27614086866378784,0.08008609712123871
17,80,200,938,0.3488990068435669,2.724055290222168,0.027653999626636505,0.8852345943450928,0.17680203914642334,0.09437225759029388
17,80,300,938,6.577703952789307,0.2107810378074646,0.03415565565228462,0.004059115890413523,7.337363058468327e-05,0.8654415011405945
17,80,400,938,0.40988022089004517,3.2581584453582764,0.0021211951971054077,0.828275740146637,0.15627703070640564,0.05864657089114189
17,80,500,938,0.23096896708011627,4.112852573394775,0.07037152349948883,0.9404214024543762,0.1392861157655716,0.029048612341284752
17,80,600,938,0.03140377625823021,5.33213472366333,0.005934834945946932,0.9950688481330872,0.025411514565348625,0.008759554475545883
17,80,700,938,0.009492512792348862,7.041881084442139,0.003476617857813835,0.9920979142189026,0.0015214333543553948,0.0017366873798891902
17,80,800,938,0.22789928317070007,2.9686474800109863,0.007904430851340294,0.8557395935058594,0.03972664475440979,0.0767049640417099
17,80,900,938,0.04574152082204819,4.613673686981201,0.004527449607849121,0.9709190726280212,0.015563099645078182,0.017685264348983765
18,80,0,938,0.01584964618086815,6.232975959777832,0.05962603539228439,0.9866239428520203,0.0022732678335160017,0.003203825792297721
18,80,100,938,0.02140353061258793,5.462037086486816,0.0032885558903217316,0.9950085282325745,0.016027117148041725,0.007541384547948837
18,80,200,938,0.023608990013599396,4.83272123336792,0.017940253019332886,0.9979428648948669,0.020691094920039177,0.013582383282482624
18,80,300,938,0.15587326884269714,3.52191424369812,0.04135846346616745,0.925383985042572,0.055568136274814606,0.04573936015367508
18,80,400,938,0.8606231808662415,0.9188246726989746,0.007977128028869629,0.540098249912262,0.09528087824583054,0.46301835775375366
18,80,500,938,0.03558732569217682,4.979406833648682,0.0314817875623703,0.9769744873046875,0.011685263365507126,0.012019772082567215
18,80,600,938,0.3865455985069275,2.2200982570648193,0.0071858614683151245,0.7887024879455566,0.11202266812324524,0.1577388495206833
18,80,700,938,0.042248453944921494,6.7169389724731445,0.017322702333331108,0.9615962505340576,0.0017207764321938157,0.002552259247750044
18,80,800,938,0.005764075554907322,6.804542541503906,0.02331172302365303,0.9961591362953186,0.0019057358149439096,0.002099207602441311
18,80,900,938,0.010490074753761292,6.348405838012695,0.013771792873740196,0.9933003187179565,0.0037279429379850626,0.0030532905366271734
19,80,0,938,0.008188874460756779,6.453563213348389,0.016293957829475403,0.9969384670257568,0.005030723754316568,0.003402658039703965
19,80,100,938,0.006870439276099205,6.402503967285156,0.004602756351232529,0.9969849586486816,0.003826302941888571,0.0028979850467294455
19,80,200,938,0.006531198509037495,7.015571117401123,0.002849821001291275,0.994634211063385,0.0011359109776094556,0.001558170304633677
19,80,300,938,0.5722367763519287,1.760670781135559,0.009325988590717316,0.6820617914199829,0.08062740415334702,0.2669919729232788
19,80,400,938,1.0713144540786743,7.6885223388671875,0.0246797613799572,0.9836766123771667,0.5728185176849365,0.0007425206713378429
19,80,500,938,0.08869428932666779,4.259520530700684,0.02514353021979332,0.9422205090522766,0.026748232543468475,0.025382772088050842
19,80,600,938,0.053265590220689774,5.127715587615967,0.02353062480688095,0.9861979484558105,0.03727424517273903,0.010157166048884392
19,80,700,938,0.005648478399962187,7.903367519378662,0.047193918377161026,0.9951318502426147,0.0007569008157588542,0.0009105171193368733
19,80,800,938,0.025405889376997948,6.233036994934082,0.04244149476289749,0.9984645247459412,0.02314346842467785,0.003749295137822628
19,80,900,938,0.011511039920151234,8.96025562286377,0.04394096881151199,0.9889315366744995,0.00030046250321902335,0.00024253822630271316
20,80,0,938,0.013487516902387142,6.174821376800537,0.17520453035831451,0.997782289981842,0.011136084794998169,0.004051791038364172
20,80,100,938,0.005514925345778465,6.3261284828186035,0.0014819614589214325,0.9974071979522705,0.0029056817293167114,0.0028885703068226576
20,80,200,938,0.5894990563392639,2.5632312297821045,0.023142017424106598,0.775172770023346,0.20931409299373627,0.14108937978744507
20,80,300,938,0.3056519627571106,1.9733222723007202,0.014406387694180012,0.801000714302063,0.016277644783258438,0.23010939359664917
20,80,400,938,0.11908913403749466,4.578932762145996,0.0013196934014558792,0.904681921005249,0.010583869181573391,0.018849588930606842
20,80,500,938,0.08677572757005692,5.029410362243652,0.035044267773628235,0.9801769256591797,0.05924472585320473,0.010872362181544304
20,80,600,938,0.5800007581710815,3.339543342590332,0.012236490845680237,0.8053723573684692,0.26421111822128296,0.0480082705616951
20,80,700,938,0.21084797382354736,3.7201409339904785,0.02637682855129242,0.9308222532272339,0.11049839109182358,0.040344882756471634
20,80,800,938,0.02901936136186123,4.9590325355529785,0.002728089690208435,0.9856919050216675,0.014182645827531815,0.011023014783859253
20,80,900,938,0.008500904776155949,6.633486270904541,0.1330098956823349,0.9943370223045349,0.0027836349327117205,0.00290399556979537
21,80,0,938,0.0038398071192204952,7.263804912567139,0.040391698479652405,0.9969950914382935,0.0008172462694346905,0.001164841465651989
21,80,100,938,0.023959452286362648,5.976658821105957,0.019641052931547165,0.9960533976554871,0.01951337233185768,0.004867919255048037
21,80,200,938,0.1542094200849533,2.9480090141296387,0.0071553513407707214,0.9399312734603882,0.08003122359514236,0.08048312366008759
21,80,300,938,6.079070091247559,0.3016800284385681,0.1541082262992859,0.0075955018401145935,3.872646266245283e-05,0.8818865418434143
21,80,400,938,0.1968570053577423,4.0804243087768555,0.00279829278588295,0.9733747243881226,0.14102409780025482,0.028306543827056885
21,80,500,938,0.01392483152449131,7.296428680419922,0.0037849023938179016,0.9873495101928711,0.0010372335091233253,0.001287277671508491
21,80,600,938,0.2319190800189972,2.8825645446777344,0.028809167444705963,0.8773372173309326,0.08206796646118164,0.08687498420476913
21,80,700,938,0.12400936335325241,3.620973587036133,0.019419096410274506,0.9276270866394043,0.03586163371801376,0.04277759790420532
21,80,800,938,0.026231199502944946,4.97816276550293,0.053456708788871765,0.9851661920547485,0.010959198698401451,0.01258508488535881
21,80,900,938,0.29034268856048584,2.7438223361968994,0.00036694109439849854,0.8636093735694885,0.09821218252182007,0.10104936361312866
22,80,0,938,0.053101636469364166,5.097127914428711,0.011947941035032272,0.99513179063797,0.04514027386903763,0.009287325665354729
22,80,100,938,0.007110044825822115,7.89190673828125,0.018757008016109467,0.9936423301696777,0.0007040422060526907,0.0008172604138962924
22,80,200,938,0.013555963523685932,5.542963027954102,0.02220930904150009,0.9931437373161316,0.006568517070263624,0.007582232356071472
22,80,300,938,0.008607459254562855,5.963079452514648,0.058176133781671524,0.998310923576355,0.006829227786511183,0.004905459936708212
22,80,400,938,0.6798242330551147,3.673680305480957,0.0499134436249733,0.9445422887802124,0.3722522556781769,0.04404355585575104
22,80,500,938,0.09495712071657181,4.300076484680176,0.018285885453224182,0.9418767690658569,0.029492365196347237,0.025911515578627586
22,80,600,938,0.006286188028752804,6.329962730407715,0.011938292533159256,0.9970463514328003,0.003304846817627549,0.0032859579659998417
22,80,700,938,0.0050391340628266335,7.62904167175293,0.00955100730061531,0.99632328748703,0.001346922479569912,0.0008783455705270171
22,80,800,938,0.010463112965226173,5.864345073699951,0.2027706652879715,0.9971901178359985,0.007578460965305567,0.004893787205219269
22,80,900,938,0.006187738850712776,6.463176250457764,0.04177270084619522,0.9964799880981445,0.0026249433867633343,0.0026455800980329514
23,80,0,938,0.010209568776190281,7.5152764320373535,0.0032029636204242706,0.9910178184509277,0.0010288723278790712,0.0011915439972653985
23,80,100,938,0.003043574281036854,7.728657245635986,0.022117875516414642,0.9974572658538818,0.0004921359941363335,0.00064969586674124
23,80,200,938,0.828064501285553,4.457085132598877,0.020084865391254425,0.9500244855880737,0.45263731479644775,0.021324841305613518
23,80,300,938,0.35856637358665466,3.72210693359375,0.01744253933429718,0.939302384853363,0.22164905071258545,0.03422791138291359
23,80,400,938,0.40886521339416504,2.290201425552368,0.002134561538696289,0.9365187883377075,0.240753635764122,0.16909603774547577
23,80,500,938,0.2141297161579132,5.161435604095459,0.0018753893673419952,0.9528223872184753,0.13428930938243866,0.008257475681602955
23,80,600,938,0.11652707308530807,3.9495849609375,0.025607142597436905,0.9361861348152161,0.045576803386211395,0.02938229590654373
23,80,700,938,0.2318035215139389,2.8852057456970215,0.0010025277733802795,0.813881516456604,0.0054234894923865795,0.08720225840806961
23,80,800,938,3.397399425506592,0.3100835680961609,0.004740715026855469,0.07917407155036926,0.0005160690052434802,0.7948711514472961
23,80,900,938,0.01619667001068592,8.19851303100586,0.004631580784916878,0.9850477576255798,0.000751957471948117,0.0006468875799328089
24,80,0,938,0.03574509918689728,5.509891033172607,0.011259801685810089,0.993501603603363,0.027566419914364815,0.0074370987713336945
24,80,100,938,0.06988012045621872,7.06174898147583,0.027163827791810036,0.9378457069396973,0.0022074126172810793,0.0026136129163205624
24,80,200,938,0.010891983285546303,6.605169296264648,0.048559438437223434,0.995816171169281,0.006563590839505196,0.004320065025240183
24,80,300,938,0.0027732113376259804,8.303587913513184,0.06053430214524269,0.9986749887466431,0.001440392225049436,0.0010806780774146318
24,80,400,938,0.007263253442943096,7.428231716156006,0.8096781969070435,0.9993131756782532,0.006503019016236067,0.002995596034452319
24,80,500,938,0.0045955670066177845,6.956152439117432,0.4981392025947571,0.9994388222694397,0.004018512088805437,0.0024925877805799246
24,80,600,938,0.001794331823475659,7.819063663482666,0.2970755696296692,0.9999700784683228,0.0017592444783076644,0.0011714155552908778
24,80,700,938,0.00022522456129081547,9.159368515014648,0.324256956577301,0.9999814033508301,0.00020664415205828846,0.00018672196893021464
24,80,800,938,0.001572323963046074,7.267716884613037,0.2201886624097824,0.9999300837516785,0.0015011195791885257,0.0013188737211748958
24,80,900,938,0.0007162679685279727,8.158238410949707,0.21074733138084412,0.9999338388442993,0.0006496955174952745,0.0005884849233552814
25,80,0,938,0.0002321974898222834,9.047712326049805,0.3007504940032959,0.9999818205833435,0.00021395314252004027,0.0002091902424581349
25,80,100,938,0.0022486355155706406,7.540372371673584,0.39453914761543274,0.9999221563339233,0.002167654922232032,0.0013099930947646499
25,80,200,938,0.0024041947908699512,7.273052215576172,0.13127313554286957,0.999010443687439,0.0013977921335026622,0.0011522230925038457
25,80,300,938,0.0013435843866318464,7.602236747741699,0.21150299906730652,0.9998562932014465,0.0011983682634308934,0.0010841692565008998
25,80,400,938,0.00024195325386244804,8.917512893676758,0.07323469966650009,0.9999845027923584,0.00022631551837548614,0.0001997244980884716
25,80,500,938,0.0008215576526708901,7.580236434936523,0.13402456045150757,0.9999052286148071,0.0007262941799126565,0.0006815959350205958
25,80,600,938,0.001090745092369616,7.294809341430664,0.29409515857696533,0.9999884963035583,0.0010787342907860875,0.0010932679288089275
25,80,700,938,0.0024208929389715195,6.807100296020508,0.47268393635749817,0.99998939037323,0.0024074362590909004,0.0022994617465883493
25,80,800,938,7.760635344311595e-05,10.508931159973145,0.39817410707473755,0.9999958872795105,7.345272751990706e-05,7.200094114523381e-05
25,80,900,938,0.00021823197312187403,8.866007804870605,0.1713085174560547,0.9999939799308777,0.00021221864153631032,0.0002080450940411538
26,80,0,938,0.00014154831296764314,10.058505058288574,0.46286967396736145,0.9999412298202515,8.26338364277035e-05,8.198058640118688e-05
26,80,100,938,0.0015638329787179828,7.162273406982422,0.35277530550956726,0.9999942779541016,0.0015567517839372158,0.001310108695179224
26,80,200,938,0.0001714090321911499,9.047603607177734,0.2215426117181778,0.9999983906745911,0.0001696914987405762,0.00016790363588370383
26,80,300,938,0.00019842965411953628,9.28639030456543,0.4135507345199585,0.9999891519546509,0.00018755436758510768,0.00018481051665730774
26,80,400,938,0.0010836737928912044,7.379733085632324,0.27381888031959534,0.999984860420227,0.0010678349062800407,0.0010006851516664028
26,80,500,938,0.00015591517149005085,9.623946189880371,0.22816447913646698,0.9999932050704956,0.00014904903946444392,0.00014574584201909602
26,80,600,938,0.0002955185482278466,8.981607437133789,0.16134831309318542,0.9999722838401794,0.0002676731674000621,0.0002636807330418378
26,80,700,938,5.403122122515924e-05,10.793904304504395,0.38464415073394775,0.9999986886978149,5.269986286293715e-05,5.2038256399100646e-05
26,80,800,938,0.00021058284619357437,9.199760437011719,0.1330392211675644,0.9999983310699463,0.00020889689039904624,0.00020601066353265196
26,80,900,938,8.241347677540034e-05,10.287830352783203,0.21387475728988647,0.9999996423721313,8.188763604266569e-05,8.131650247378275e-05
27,80,0,938,0.0014405997935682535,7.092557907104492,0.1280461549758911,0.9999977946281433,0.0014373211888596416,0.0012938842410221696
27,80,100,938,0.0003126049996353686,8.689712524414062,0.1921687126159668,0.9999992251396179,0.00031166189000941813,0.00029833774897269905
27,80,200,938,0.0004368291120044887,8.364094734191895,0.15896327793598175,0.9999989867210388,0.0004355511337053031,0.0004244021256454289
27,80,300,938,0.00011164392344653606,9.821965217590332,0.1380990743637085,0.9999978542327881,0.00010941629443550482,0.00010789746011141688
27,80,400,938,5.022090772399679e-05,10.6246919631958,0.12068130075931549,0.9999969601631165,4.6971785195637494e-05,4.6157587348716334e-05
27,80,500,938,0.0002453000925015658,8.948822975158691,0.12227223068475723,0.9999963641166687,0.00024155931896530092,0.0002321706124348566
27,80,600,938,8.57310660649091e-05,9.958918571472168,0.1367539018392563,0.999998927116394,8.454565249849111e-05,8.259796595666558e-05
27,80,700,938,0.00012671254808083177,9.25394058227539,0.21866674721240997,0.999997615814209,0.00012422613508533686,0.00012125247303629294
27,80,800,938,6.38562923995778e-05,9.918190002441406,0.1741829812526703,0.9999983906745911,6.213840970303863e-05,6.090602619224228e-05
27,80,900,938,0.0004680450656451285,8.115985870361328,0.2032364308834076,0.9999970197677612,0.0004648775502573699,0.0004342550819274038
28,80,0,938,0.0004192201013211161,8.228882789611816,0.20679153501987457,0.9999986290931702,0.00041766962385736406,0.00038418706390075386
28,80,100,938,0.00017786328680813313,8.975164413452148,0.1544797271490097,0.9999995827674866,0.00017737704911269248,0.0001691100187599659
28,80,200,938,1.041414088831516e-05,12.234097480773926,0.11550223082304001,0.9999971985816956,7.477770395780681e-06,7.366933914454421e-06
28,80,300,938,4.2577230487950146e-05,10.72235107421875,0.1881427764892578,0.9999980330467224,4.046734466101043e-05,4.005597656941973e-05
28,80,400,938,4.313978934078477e-05,10.212849617004395,0.08640215545892715,0.9999994039535522,4.247549077263102e-05,4.1595398215577006e-05
28,80,500,938,7.6182659540791065e-06,12.621244430541992,0.29383596777915955,0.9999983906745911,5.936876277701231e-06,5.894675268791616e-06
28,80,600,938,3.1768860935699195e-05,11.164360046386719,0.2371654510498047,0.9999996423721313,3.1294206564780325e-05,3.104946517851204e-05
28,80,700,938,3.642376032075845e-05,10.52394962310791,0.11462515592575073,0.9999994039535522,3.5765264328802004e-05,3.5153949283994734e-05
28,80,800,938,1.6693169527570717e-05,11.52897834777832,0.12475989758968353,0.9999997019767761,1.63589993462665e-05,1.6254500224022195e-05
28,80,900,938,4.163951871305471e-06,13.063154220581055,0.14804109930992126,0.9999997615814209,3.898787326761521e-06,3.881034899677616e-06
29,80,0,938,2.917130223067943e-05,11.142848014831543,0.13192109763622284,0.9999985694885254,2.7620684704743326e-05,2.7400990802561864e-05
29,80,100,938,3.227551496820524e-05,11.009210586547852,0.1388872116804123,0.9999998211860657,3.201619256287813e-05,3.167157046846114e-05
29,80,200,938,2.1197129171923734e-05,11.09879207611084,0.071700818836689,1.0,2.1107971406308934e-05,2.0862784367636777e-05
29,80,300,938,1.651900493016001e-05,11.704347610473633,0.09966675937175751,0.9999985694885254,1.5078312571858987e-05,1.490208160248585e-05
29,80,400,938,2.7376609068596736e-05,11.04869556427002,0.12286241352558136,0.9999998807907104,2.7203859644941986e-05,2.685459185158834e-05
29,80,500,938,7.668537364224903e-06,12.120842933654785,0.06172709912061691,0.9999997615814209,7.365433248196496e-06,7.328101673920173e-06
29,80,600,938,0.00010730539361247793,9.557597160339355,0.09808459877967834,0.999999463558197,0.00010676096280803904,0.00010326156188966706
29,80,700,938,7.489422569051385e-05,9.934148788452148,0.05714558809995651,0.9999975562095642,7.237118552438915e-05,6.707203283440322e-05
29,80,800,938,5.432366015156731e-05,10.305333137512207,0.16939541697502136,0.9999997019767761,5.388486897572875e-05,5.150866854819469e-05
29,80,900,938,4.841027930524433e-06,13.006316184997559,0.10745182633399963,0.9999991059303284,3.9295359783864114e-06,3.894055225828197e-06
30,80,0,938,9.240824147127569e-05,9.792330741882324,0.152455136179924,0.9999994039535522,9.175739251077175e-05,8.487990271532908e-05
30,80,100,938,5.300119664752856e-05,10.124377250671387,0.07918240129947662,0.9999967217445374,4.968299617758021e-05,4.7597070079064e-05
30,80,200,938,1.2219028576510027e-05,11.5787992477417,0.07576669007539749,0.9999995231628418,1.1656293281703256e-05,1.1505285328894388e-05
30,80,300,938,2.9049298973404802e-05,10.742338180541992,0.13571128249168396,0.999999463558197,2.843659785867203e-05,2.7424532163422555e-05
30,80,400,938,8.210613486880902e-06,12.191757202148438,0.12494507431983948,0.9999985694885254,6.727081199642271e-06,6.591169494640781e-06
30,80,500,938,1.2559893548313994e-05,11.695778846740723,0.08989964425563812,0.9999994039535522,1.2012265869998373e-05,1.1858988727908581e-05
30,80,600,938,2.4641238269396126e-05,10.810310363769531,0.0604001060128212,0.9999999403953552,2.4502462110831402e-05,2.320134808542207e-05
30,80,700,938,4.917384330838104e-07,15.18927001953125,0.12209266424179077,0.9999998807907104,3.1641573627894104e-07,3.1386338150696247e-07
30,80,800,938,1.6098038031486794e-05,11.29751968383789,0.07407577335834503,0.9999998211860657,1.5862206055317074e-05,1.5137726222747006e-05
30,80,900,938,1.570873791933991e-05,11.430607795715332,0.05952955037355423,0.999999463558197,1.51152034959523e-05,1.4701638065162115e-05
31,80,0,938,1.0174750059377402e-05,11.870342254638672,0.09060370922088623,0.9999997615814209,9.924923688231502e-06,9.763743037183303e-06
31,80,100,938,2.6151574274990708e-06,13.435691833496094,0.11734359711408615,1.0,2.571246113802772e-06,2.5496960915916134e-06
31,80,200,938,1.0365624802943785e-06,14.452789306640625,0.10967999696731567,0.9999999403953552,9.688507134342217e-07,9.585743327988894e-07
31,80,300,938,2.5083625587285496e-05,11.008695602416992,0.07386627048254013,0.9999998807907104,2.48609903792385e-05,2.295362537552137e-05
31,80,400,938,4.088507239430328e-07,15.59401798248291,0.06572067737579346,1.0,2.534052327973768e-07,2.5154994887088833e-07
31,80,500,938,1.4635841580457054e-05,11.406951904296875,0.047902800142765045,1.0,1.4552190805261489e-05,1.3998884242027998e-05
31,80,600,938,7.783093678881414e-06,11.921792984008789,0.06232572719454765,1.0,7.711299986112863e-06,7.5527705121203326e-06
31,80,700,938,6.265958745643729e-06,12.317157745361328,0.11268273741006851,0.999999463558197,5.613796474790433e-06,5.533907824428752e-06
31,80,800,938,1.1655578418867663e-05,11.663214683532715,0.08349955081939697,0.9999998807907104,1.1514322068251204e-05,1.1236095815547742e-05
31,80,900,938,3.180471594532719e-06,13.057655334472656,0.07960659265518188,1.0,3.1418887829204323e-06,3.11746680381475e-06
32,80,0,938,9.51630045165075e-06,11.985380172729492,0.0830751284956932,0.9999993443489075,8.786008947936352e-06,8.56186670716852e-06
32,80,100,938,5.063613116362831e-06,12.47261905670166,0.10204598307609558,0.9999998807907104,4.890470336249564e-06,4.810986865777522e-06
32,80,200,938,2.6067764338222332e-06,13.171457290649414,0.15944859385490417,0.9999999403953552,2.509852492948994e-06,2.4629509880469413e-06
32,80,300,938,3.44310524269531e-06,12.790328979492188,0.06528307497501373,0.9999997019767761,3.1133852189668687e-06,3.0360954497155035e-06
32,80,400,938,3.6209887639415683e-06,12.89742660522461,0.05837775021791458,0.9999997615814209,3.327938429720234e-06,3.266314479333232e-06
32,80,500,938,5.979092634333938e-07,14.739900588989258,0.11745037883520126,1.0,5.265352456262917e-07,5.232569151303323e-07
32,80,600,938,5.330904969014227e-06,12.484769821166992,0.08088676631450653,1.0,5.2977766245021485e-06,5.1572937991295476e-06
32,80,700,938,6.511829269584268e-06,12.45088005065918,0.12061278522014618,0.9999999403953552,6.436834155465476e-06,6.288437816692749e-06
32,80,800,938,2.2440464817918837e-05,11.135181427001953,0.09219204634428024,0.9999995231628418,2.186145866289735e-05,2.0498657249845564e-05
32,80,900,938,1.710202377580572e-05,11.344305038452148,0.05110166594386101,1.0,1.6989863070193678e-05,1.5918538338155486e-05
33,80,0,938,5.410987569121062e-07,15.30465030670166,0.18834750354290009,0.9999998807907104,4.1146802232105983e-07,4.0852742699826194e-07
33,80,100,938,4.246842308930354e-07,15.784780502319336,0.13870561122894287,0.9999998211860657,1.9953988328325067e-07,1.968790854789404e-07
33,80,200,938,7.080870091158431e-06,12.279767990112305,0.08942035585641861,0.9999999403953552,6.927979939064244e-06,6.7568698796094395e-06
33,80,300,938,3.873377863783389e-06,13.00474739074707,0.0554347038269043,0.9999999403953552,3.767728458115016e-06,3.701539753819816e-06
33,80,400,938,4.4610357008423307e-07,15.212650299072266,0.106578528881073,1.0,4.043876060677576e-07,4.014697196907946e-07
33,80,500,938,3.29781869368162e-06,12.94390869140625,0.06616818904876709,1.0,3.2701057079975726e-06,3.1810945984034333e-06
33,80,600,938,3.19443699936528e-07,15.642088890075684,0.11587981879711151,1.0,2.961849929761229e-07,2.9509010346373543e-07
33,80,700,938,6.236197805264965e-06,12.623115539550781,0.11262217164039612,0.9999986886978149,4.906326466880273e-06,4.8171705202548765e-06
33,80,800,938,5.116722149978159e-06,12.86799430847168,0.09044507145881653,0.9999991059303284,4.175961294095032e-06,4.08603818868869e-06
33,80,900,938,3.4980537293449743e-06,12.875852584838867,0.04936421662569046,1.0,3.440803311605123e-06,3.3516917028464377e-06
34,80,0,938,3.7318181966838893e-06,12.889427185058594,0.05293351784348488,0.9999997019767761,3.393092811165843e-06,3.3319893191219307e-06
34,80,100,938,2.6440284273121506e-06,13.127057075500488,0.04199308156967163,1.0,2.6192426503257593e-06,2.5770887077669613e-06
34,80,200,938,2.002343677531826e-07,16.313966751098633,0.11675775051116943,1.0,1.5223338323266944e-07,1.5107340800568636e-07
34,80,300,938,3.801666707659024e-06,12.89234447479248,0.06190451607108116,0.9999997615814209,3.5391290111874696e-06,3.336866939207539e-06
34,80,400,938,2.095476077101921e-07,15.939549446105957,0.12918715178966522,1.0,1.982165116487522e-07,1.973878198668899e-07
34,80,500,938,1.0039665312433499e-06,14.279908180236816,0.09703204035758972,0.9999998807907104,8.830751880850585e-07,8.712579528946662e-07
34,80,600,938,1.220032714854824e-07,16.750598907470703,0.18260657787322998,1.0,8.885641022970958e-08,8.837571385811316e-08
34,80,700,938,3.3527621212670056e-07,15.37174129486084,0.06152070686221123,1.0,2.703182246932556e-07,2.688618110369134e-07
34,80,800,938,2.6635834160515515e-07,15.668293952941895,0.08833488821983337,1.0,2.472333733294363e-07,2.4528139874746557e-07
34,80,900,938,7.078052277620372e-08,17.041044235229492,0.06968028843402863,1.0,5.8627829702118106e-08,5.8358633481248035e-08
35,80,0,938,8.055943112594832e-07,14.352668762207031,0.04297414422035217,1.0,7.522281748606474e-07,7.434418307639135e-07
35,80,100,938,1.3597328063497116e-07,17.38881492614746,0.06584733724594116,0.9999999403953552,4.0791711342080816e-08,4.056976621313879e-08
35,80,200,938,2.1699830199395365e-07,16.364900588989258,0.1210579201579094,0.9999999403953552,1.2059248888363072e-07,1.196590631025174e-07
35,80,300,938,7.217752227006713e-07,14.489449501037598,0.12313631176948547,1.0,7.12910605216166e-07,7.011153684288729e-07
35,80,400,938,9.07108642422827e-07,14.312455177307129,0.1759636104106903,1.0,9.059950798473437e-07,8.857864486344624e-07
35,80,500,938,8.596110774305998e-07,14.235126495361328,0.026965467259287834,1.0,8.406877896049991e-07,8.24825065137702e-07
35,80,600,938,5.345792715161224e-07,14.748831748962402,0.05075730383396149,1.0,5.080135565549426e-07,5.011219172956771e-07
35,80,700,938,1.3783588315163797e-07,16.82234764099121,0.05687510222196579,0.9999999403953552,7.249859379498957e-08,7.223756171015339e-08
35,80,800,938,9.685756907629184e-08,16.986406326293945,0.08075188100337982,1.0,6.283855924493764e-08,6.243662653560023e-08
35,80,900,938,5.587936335871291e-09,19.22163200378418,0.1131802350282669,1.0,5.850231854509502e-09,5.847428763416929e-09
36,80,0,938,1.9371512394172896e-07,16.011943817138672,0.11982925236225128,1.0,1.6588477080858866e-07,1.6523749479802063e-07
36,80,100,938,4.777685944645782e-07,14.803725242614746,0.033844705671072006,1.0,4.7283887738558406e-07,4.65497635104839e-07
36,80,200,938,4.5355420752457576e-07,14.867486000061035,0.04078960418701172,1.0,4.4658094111582614e-07,4.3984158537568874e-07
36,80,300,938,1.1734665861240501e-07,16.52121925354004,0.1251029521226883,1.0,1.1923216902687273e-07,1.1887912876318296e-07
36,80,400,938,2.60770320892334e-08,17.758262634277344,0.08433430641889572,1.0,2.844868163265346e-08,2.834360302017558e-08
36,80,500,938,2.2910538177711715e-07,15.789752006530762,0.07330584526062012,1.0,2.1293372753916628e-07,2.1209093858942651e-07
36,80,600,938,1.9837173681480635e-07,17.970787048339844,2.19128155708313,1.0,1.9454212463188014e-07,1.927194119843989e-07
36,80,700,938,3.809109898611496e-07,15.046212196350098,0.050406403839588165,1.0,3.7562989518846734e-07,3.7041434097773163e-07
36,80,800,938,0.0012184338411316276,7.428723335266113,0.08783242106437683,1.0,0.0012175310403108597,0.0009831084171310067
36,80,900,938,2.589110954431817e-05,10.904705047607422,0.06922762095928192,1.0,2.589048381196335e-05,2.540181412769016e-05
37,80,0,938,3.279154407209717e-05,11.212502479553223,0.15984615683555603,1.0,3.278665099060163e-05,3.2209201890509576e-05
37,80,100,938,0.0,29.46006202697754,1.8290398120880127,1.0,2.1668764559457118e-22,2.1668764559457118e-22
37,80,200,938,0.0,28.1986026763916,0.5675815343856812,1.0,1.4392792459306327e-22,1.4392792459306327e-22
37,80,300,938,0.0,27.99397850036621,0.36295756697654724,1.0,4.799895238407589e-22,4.799895238407589e-22
37,80,400,938,0.0,27.696924209594727,0.06590258330106735,1.0,5.843825040327569e-21,5.843825040327569e-21
37,80,500,938,0.0,27.73980712890625,0.10878647118806839,1.0,5.702285975882132e-22,5.702285975882132e-22
37,80,600,938,0.0,27.774044036865234,0.1430245041847229,1.0,4.2784152963155146e-20,4.2784152963155146e-20
37,80,700,938,0.0,27.78858757019043,0.15756765007972717,1.0,1.6069642929946497e-19,1.6069642929946497e-19
37,80,800,938,0.0,27.760025024414062,0.12900441884994507,1.0,1.3404829372494774e-21,1.3404829372494774e-21
37,80,900,938,0.0,27.786779403686523,0.15575698018074036,1.0,1.5626897819031114e-22,1.5626897819031114e-22
38,80,0,938,0.0,27.729663848876953,0.09864205867052078,1.0,1.4599477803006578e-22,1.4599477803006578e-22
38,80,100,938,0.0,27.810325622558594,0.17930613458156586,1.0,5.161130359502909e-19,5.161130359502909e-19
38,80,200,938,0.0,27.75527000427246,0.12425097078084946,1.0,1.5910422035763462e-18,1.5910422035763462e-18
38,80,300,938,0.0,27.732223510742188,0.10120270401239395,1.0,8.75875620458902e-21,8.75875620458902e-21
38,80,400,938,0.0,27.734729766845703,0.10370984673500061,1.0,1.2257944260983568e-20,1.2257944260983568e-20
38,80,500,938,0.0,27.70541000366211,0.0743909403681755,1.0,1.7500025617158213e-19,1.7500025617158213e-19
38,80,600,938,0.0,27.722347259521484,0.09147480130195618,1.0,1.4819927996666634e-16,1.4819927996666634e-16
38,80,700,938,0.0,27.682353973388672,0.0513339564204216,1.0,2.0204959211464606e-20,2.0204959211464606e-20
38,80,800,938,0.0,27.67317008972168,0.04214796423912048,1.0,3.99122804271862e-21,3.99122804271862e-21
38,80,900,938,0.0,27.666709899902344,0.03568775951862335,1.0,4.330420561479378e-21,4.330420561479378e-21
39,80,0,938,0.0,27.676137924194336,0.045116111636161804,1.0,7.493837912662753e-21,7.493837912662753e-21
39,80,100,938,0.0,27.665773391723633,0.034753136336803436,1.0,9.95851463623113e-21,9.95851463623113e-21
39,80,200,938,0.0,27.70828628540039,0.07726447284221649,1.0,1.0399749582121818e-22,1.0399749582121818e-22
39,80,300,938,0.0,27.660730361938477,0.02970954030752182,1.0,1.3970685736914792e-21,1.3970685736914792e-21
39,80,400,938,0.0,27.669443130493164,0.03842106834053993,1.0,1.0919417395856451e-20,1.0919417395856451e-20
39,80,500,938,0.0,27.679340362548828,0.048319846391677856,1.0,2.6182822246149144e-20,2.6182822246149144e-20
39,80,600,938,0.0,27.673564910888672,0.0425451397895813,1.0,1.2861395136060876e-20,1.2861395136060876e-20
39,80,700,938,0.0,27.66614532470703,0.035123735666275024,1.0,6.993315286092177e-22,6.993315286092177e-22
39,80,800,938,0.0,27.64792823791504,0.016906648874282837,1.0,1.3704292584149195e-21,1.3704292584149195e-21
39,80,900,938,0.0,27.668989181518555,0.037967320531606674,1.0,6.0910324900330164e-21,6.0910324900330164e-21
40,80,0,938,0.0,27.642562866210938,0.011540491133928299,1.0,2.4090175253734676e-21,2.4090175253734676e-21
40,80,100,938,0.0,27.634946823120117,0.003925595432519913,1.0,9.81106585502411e-22,9.81106585502411e-22
40,80,200,938,0.0,27.654075622558594,0.023054983466863632,1.0,3.0947011797207355e-21,3.0947011797207355e-21
40,80,300,938,0.0,27.649477005004883,0.018456511199474335,1.0,1.788961295151603e-18,1.788961295151603e-18
40,80,400,938,0.0,27.653976440429688,0.022956520318984985,1.0,2.3781861047967224e-20,2.3781861047967224e-20
40,80,500,938,0.0,27.642454147338867,0.011434182524681091,1.0,7.336602833561213e-20,7.336602833561213e-20
40,80,600,938,0.0,27.64366340637207,0.012643497437238693,1.0,5.929469479181977e-19,5.929469479181977e-19
40,80,700,938,0.0,27.65468406677246,0.023675940930843353,1.0,1.3093924989579606e-17,1.3093924989579606e-17
40,80,800,938,0.0,27.646682739257812,0.015661902725696564,1.0,3.161023252999337e-21,3.161023252999337e-21
40,80,900,938,0.0,27.6373291015625,0.006309498101472855,1.0,2.9552762524038714e-20,2.9552762524038714e-20
41,80,0,938,0.0,27.639406204223633,0.008385732769966125,1.0,5.0460650772762933e-20,5.0460650772762933e-20
41,80,100,938,0.0,27.63694190979004,0.005919568240642548,1.0,2.2214875621823484e-20,2.2214875621823484e-20
41,80,200,938,0.0,27.64195442199707,0.010935276746749878,1.0,8.454909016467425e-20,8.454909016467425e-20
41,80,300,938,0.0,27.641313552856445,0.010293275117874146,1.0,4.594856470821943e-19,4.594856470821943e-19
41,80,400,938,0.0,27.64236831665039,0.011348068714141846,1.0,7.505544133917512e-20,7.505544133917512e-20
41,80,500,938,0.0,27.646692276000977,0.01567358523607254,1.0,4.605868312726555e-20,4.605868312726555e-20
41,80,600,938,0.0,27.64718246459961,0.016162175685167313,1.0,1.8769789539575165e-20,1.8769789539575165e-20
41,80,700,938,0.0,27.644628524780273,0.013608966022729874,1.0,1.0506913281121796e-18,1.0506913281121796e-18
41,80,800,938,0.0,27.636199951171875,0.0051797181367874146,1.0,8.18224896081978e-20,8.18224896081978e-20
41,80,900,938,0.0,27.63714599609375,0.0061266422271728516,1.0,6.1774122149038015e-19,6.1774122149038015e-19
42,80,0,938,0.0,27.639509201049805,0.008488822728395462,1.0,2.0823073801603977e-19,2.0823073801603977e-19
42,80,100,938,0.0,27.742151260375977,0.11112886667251587,1.0,1.117955196601374e-20,1.117955196601374e-20
42,80,200,938,0.0,27.639862060546875,0.008841931819915771,1.0,1.3663873421336686e-19,1.3663873421336686e-19
42,80,300,938,0.0,27.636117935180664,0.005097772926092148,1.0,9.22110754781757e-19,9.22110754781757e-19
42,80,400,938,0.0,27.636837005615234,0.0058200061321258545,1.0,3.513325574727102e-18,3.513325574727102e-18
42,80,500,938,0.0,27.63651466369629,0.005495995283126831,1.0,6.78086683814326e-19,6.78086683814326e-19
42,80,600,938,0.0,27.634490966796875,0.003475755453109741,1.0,4.880233678755161e-18,4.880233678755161e-18
42,80,700,938,0.0,27.63975715637207,0.008735813200473785,1.0,3.1471753628915498e-28,3.1471753628915498e-28
42,80,800,938,0.0,27.63882827758789,0.007807053625583649,1.0,3.3217447826869685e-28,3.3217447826869685e-28
42,80,900,938,0.0,27.63620376586914,0.005181506276130676,1.0,2.963385842376869e-27,2.9633866127488466e-27
43,80,0,938,0.0,27.63509750366211,0.004076261073350906,1.0,9.40200095064972e-28,9.402024061809052e-28
43,80,100,938,0.0,27.634077072143555,0.0030554980039596558,1.0,1.725295036872729e-27,1.725295036872729e-27
43,80,200,938,0.0,27.635923385620117,0.004901330918073654,1.0,5.710621581903744e-28,5.710621581903744e-28
43,80,300,938,0.0,27.635021209716797,0.0039998069405555725,1.0,2.961300734322578e-28,2.9613079565598695e-28
43,80,400,938,0.0,27.634033203125,0.0030110180377960205,1.0,9.288239157729682e-28,9.288295972663041e-28
43,80,500,938,0.0,27.634794235229492,0.003773204982280731,1.0,1.6081643109974721e-27,1.6081643109974721e-27
43,80,600,938,0.0,27.635101318359375,0.004079639911651611,1.0,1.7189146235599685e-27,1.7189146235599685e-27
43,80,700,938,0.0,27.63330078125,0.002278357744216919,1.0,1.948490287755788e-27,1.948490287755788e-27
43,80,800,938,0.0,27.632699966430664,0.0016784816980361938,1.0,4.890519685572341e-27,4.8905089003646526e-27
43,80,900,938,0.0,27.633098602294922,0.002077072858810425,1.0,6.1767365914918015e-27,6.1767365914918015e-27
44,80,0,938,0.0,27.6361083984375,0.005085960030555725,1.0,4.133831440072318e-26,4.133846231214291e-26
44,80,100,938,0.0,27.63599967956543,0.004977419972419739,1.0,1.097591173091779e-26,1.097591173091779e-26
44,80,200,938,0.0,27.633808135986328,0.0027864575386047363,1.0,3.7457571725758723e-26,3.7457571725758723e-26
44,80,300,938,0.0,27.632352828979492,0.0013307183980941772,1.0,3.001038543161617e-27,3.001038543161617e-27
44,80,400,938,0.0,27.632678985595703,0.0016576051712036133,1.0,7.268931077767814e-26,7.268931077767814e-26
44,80,500,938,0.0,27.6337890625,0.002767011523246765,1.0,2.6397338159643794e-26,2.6397338159643794e-26
44,80,600,938,0.0,27.63252830505371,0.0015071630477905273,1.0,1.459235272256377e-25,1.459235272256377e-25
44,80,700,938,0.0,27.633888244628906,0.0028658807277679443,1.0,1.062666143776107e-25,1.0626662670356235e-25
44,80,800,938,0.0,27.63239860534668,0.0013767480850219727,1.0,5.255163705662954e-27,5.255169868638776e-27
44,80,900,938,0.0,27.632017135620117,0.000995635986328125,1.0,8.919305899059924e-27,8.919305899059924e-27
45,80,0,938,0.0,27.632965087890625,0.001944035291671753,1.0,4.947546086039658e-27,4.947546086039658e-27
45,80,100,938,0.0,27.63165855407715,0.000637546181678772,1.0,4.40166743595034e-27,4.40166743595034e-27
45,80,200,938,0.0,27.641082763671875,0.01006045937538147,1.0,1.1285645269622626e-23,1.1285687868111508e-23
45,80,300,938,0.0,27.632783889770508,0.0017626509070396423,1.0,7.983073604866379e-27,7.983073604866379e-27
45,80,400,938,0.0,27.632152557373047,0.0011310875415802002,1.0,2.6963358185091514e-26,2.696330888128494e-26
45,80,500,938,0.0,27.633434295654297,0.0024121850728988647,1.0,2.532800885292793e-25,2.5327942292789053e-25
45,80,600,938,0.0,27.6328125,0.0017904788255691528,1.0,2.1244337256773608e-25,2.1244337256773608e-25
45,80,700,938,0.0,27.63271713256836,0.0016948878765106201,1.0,1.4666561114436943e-25,1.4666561114436943e-25
45,80,800,938,0.0,27.632932662963867,0.0019107609987258911,1.0,1.5126210642386596e-25,1.5126210642386596e-25
45,80,900,938,0.0,27.632822036743164,0.0018000900745391846,1.0,2.7885907594439364e-25,2.7885907594439364e-25
46,80,0,938,0.0,27.631933212280273,0.0009116828441619873,1.0,2.133158773808138e-24,2.133158773808138e-24
46,80,100,938,0.0,27.63211441040039,0.001092381775379181,1.0,3.567804142313128e-25,3.567804142313128e-25
46,80,200,938,0.0,27.63225746154785,0.0012367665767669678,1.0,2.503439038666208e-24,2.503439038666208e-24
46,80,300,938,0.0,27.63284683227539,0.0018256977200508118,1.0,1.3199159529437815e-24,1.3199159529437815e-24
46,80,400,938,0.0,27.632369995117188,0.0013479143381118774,1.0,1.8949608429700694e-24,1.8949608429700694e-24
46,80,500,938,0.0,27.631927490234375,0.0009062662720680237,1.0,9.970732469754983e-24,9.970732469754983e-24
46,80,600,938,0.0,27.632429122924805,0.001407325267791748,1.0,1.1102885130544643e-23,1.1102885130544643e-23
46,80,700,938,0.0,27.632240295410156,0.0012181922793388367,1.0,2.732483027560092e-24,2.7324988047781963e-24
46,80,800,938,0.0,27.631637573242188,0.0006165727972984314,1.0,6.712613080030084e-23,6.712613080030084e-23
46,80,900,938,0.0,27.631811141967773,0.0007892921566963196,1.0,5.2879577375604386e-23,5.2879577375604386e-23
47,80,0,938,0.0,27.631505966186523,0.00048475712537765503,1.0,4.458669052010389e-24,4.458669052010389e-24
47,80,100,938,0.0,27.631591796875,0.0005703195929527283,1.0,5.133060323427043e-24,5.133060323427043e-24
47,80,200,938,0.0,27.631338119506836,0.0003159940242767334,1.0,2.866361992291734e-24,2.866361992291734e-24
47,80,300,938,0.0,27.631349563598633,0.00032851845026016235,1.0,1.9472305693347873e-24,1.9472305693347873e-24
47,80,400,938,0.0,27.631134033203125,0.00011293590068817139,1.0,1.397158648985081e-24,1.397158648985081e-24
47,80,500,938,0.0,27.631113052368164,9.077787399291992e-05,1.0,1.5360004362790816e-24,1.5360004362790816e-24
47,80,600,938,0.0,27.631528854370117,0.0005079656839370728,1.0,3.4515358563410596e-24,3.4515358563410596e-24
47,80,700,938,0.0,27.631074905395508,5.333125591278076e-05,1.0,3.542316786022536e-25,3.542316786022536e-25
47,80,800,938,0.0,27.6310977935791,7.636100053787231e-05,1.0,3.1393137819549932e-24,3.1393137819549932e-24
47,80,900,938,0.0,27.631057739257812,3.662705421447754e-05,1.0,6.984642296864688e-24,6.984642296864688e-24
48,80,0,938,0.0,27.631065368652344,4.4599175453186035e-05,1.0,1.939077376334966e-23,1.939077376334966e-23
48,80,100,938,0.0,27.63103485107422,1.2964010238647461e-05,1.0,2.9044262128200977e-21,2.9044262128200977e-21
48,80,200,938,0.0,27.631040573120117,1.8298625946044922e-05,1.0,3.2846631786790014e-24,3.284670081211922e-24
48,80,300,938,0.0,27.631031036376953,9.000301361083984e-06,1.0,6.473747575650972e-25,6.473747575650972e-25
48,80,400,938,0.0,27.63105010986328,2.8789043426513672e-05,1.0,2.249870934062204e-22,2.2499042555468405e-22
48,80,500,938,0.0,27.63104248046875,2.1189451217651367e-05,1.0,1.3155322528934683e-24,1.3155322528934683e-24
48,80,600,938,0.0,27.631065368652344,4.3451786041259766e-05,1.0,1.0824625648052785e-22,1.0824625648052785e-22
48,80,700,938,0.0,27.63103485107422,1.3619661331176758e-05,1.0,3.467912056530814e-23,3.467912056530814e-23
48,80,800,938,0.0,27.631195068359375,0.00017408281564712524,1.0,9.969938086823425e-24,9.969938086823425e-24
48,80,900,938,0.0,27.631080627441406,5.957484245300293e-05,1.0,7.444251277363812e-23,7.444251277363812e-23
49,80,0,938,0.0,27.660690307617188,0.029668692499399185,1.0,4.967545220162606e-22,4.967545220162606e-22
49,80,100,938,3.315543608550797e-07,27.631084442138672,6.240606307983398e-05,0.9999996423721313,4.961998202712582e-24,4.9626395466285266e-24
49,80,200,938,1.862645371275562e-09,27.631053924560547,3.331899642944336e-05,1.0,1.5516802497832297e-23,1.551673938895988e-23
49,80,300,938,0.0,27.631067276000977,4.601478576660156e-05,1.0,2.1266462031825937e-26,2.1266462031825937e-26
49,80,400,938,0.0,27.631053924560547,3.203749656677246e-05,1.0,5.761389612157389e-24,5.761389612157389e-24
49,80,500,938,0.0,27.631092071533203,7.013976573944092e-05,1.0,4.647730217568825e-24,4.647729823138372e-24
49,80,600,938,0.0,27.631084442138672,6.331503391265869e-05,1.0,8.128855063173367e-24,8.12895524850833e-24
49,80,700,938,0.0,27.631088256835938,6.620585918426514e-05,1.0,1.4356647247059553e-24,1.4356647247059553e-24
49,80,800,938,0.0,27.631086349487305,6.404519081115723e-05,1.0,2.08705517870908e-24,2.0870567564308906e-24
49,80,900,938,0.0,27.631053924560547,3.173947334289551e-05,1.0,1.4207604798007753e-24,1.4207604798007753e-24
50,80,0,938,0.0,27.63103485107422,1.2993812561035156e-05,1.0,5.4094444468889185e-24,5.4094444468889185e-24
50,80,100,938,0.0,27.63102912902832,7.4803829193115234e-06,1.0,4.981072543856464e-23,4.981072543856464e-23
50,80,200,938,0.0,27.631027221679688,5.5730342864990234e-06,1.0,7.893161568494149e-24,7.893161568494149e-24
50,80,300,938,0.0,27.631025314331055,3.2782554626464844e-06,1.0,2.7339047521265265e-23,2.7339047521265265e-23
50,80,400,938,0.0,27.631078720092773,5.751848220825195e-05,1.0,2.8789866855606195e-23,2.8789866855606195e-23
50,80,500,938,0.0,27.63104820251465,2.6464462280273438e-05,1.0,3.415187413803578e-25,3.415187413803578e-25
50,80,600,938,0.0,27.63104820251465,2.7179718017578125e-05,1.0,1.6372648737959245e-23,1.6372648737959245e-23
50,80,700,938,0.0,27.631038665771484,1.728534698486328e-05,1.0,2.305390972460268e-24,2.305390972460268e-24
50,80,800,938,0.0,27.631027221679688,4.76837158203125e-06,1.0,3.686032412368786e-23,3.686032412368786e-23
50,80,900,938,0.0,27.631057739257812,3.600120544433594e-05,1.0,2.5767382190423075e-24,2.5767362468900445e-24
51,80,0,938,0.0,27.63104248046875,2.0265579223632812e-05,1.0,2.1150033372897027e-24,2.1150033372897027e-24
51,80,100,938,0.0,27.63104248046875,2.0489096641540527e-05,1.0,1.9514062073213484e-24,1.9514062073213484e-24
51,80,200,938,0.0,27.63103675842285,1.4886260032653809e-05,1.0,5.96790590296565e-24,5.96790590296565e-24
51,80,300,938,0.0,27.631025314331055,4.470348358154297e-06,1.0,1.9309434315412322e-23,1.9309434315412322e-23
51,80,400,938,0.0,27.63102912902832,7.12275505065918e-06,1.0,1.8154777819579422e-24,1.8154777819579422e-24
51,80,500,938,0.0,27.631031036376953,9.059906005859375e-06,1.0,1.2356973599176126e-23,1.2356973599176126e-23
51,80,600,938,0.0,27.631023406982422,2.5331974029541016e-06,1.0,1.0005460493385527e-23,1.0005460493385527e-23
51,80,700,938,0.0,27.631023406982422,2.294778823852539e-06,1.0,5.1204275048908334e-24,5.1204275048908334e-24
51,80,800,938,0.0,27.631027221679688,5.036592483520508e-06,1.0,1.5469183698149535e-24,1.5469167920931431e-24
51,80,900,938,0.0,27.63102912902832,7.748603820800781e-06,1.0,1.0095547619900862e-23,1.0095547619900862e-23
52,80,0,938,0.0,27.631025314331055,4.410743713378906e-06,1.0,8.075247231498168e-23,8.075247231498168e-23
52,80,100,938,0.0,27.634944915771484,0.003924869000911713,1.0,1.8006109579319788e-20,1.801029394999657e-20
52,80,200,938,0.0,27.631071090698242,4.996359348297119e-05,1.0,1.4200153888428805e-22,1.4200121071815148e-22
52,80,300,938,0.0,27.631114959716797,9.257346391677856e-05,1.0,5.799149386018879e-23,5.799120355937567e-23
52,80,400,938,0.0,27.63105010986328,2.9027462005615234e-05,1.0,3.191437387614237e-22,3.191467427437508e-22
52,80,500,938,0.0,27.63105583190918,3.46451997756958e-05,1.0,1.4277782597776856e-21,1.427787953300489e-21
52,80,600,938,0.0,27.63106918334961,4.692375659942627e-05,1.0,3.6504166046755057e-22,3.6504166046755057e-22
52,80,700,938,5.587936335871291e-09,27.631038665771484,1.7330050468444824e-05,1.0,6.23895726359936e-22,6.238952214889566e-22
52,80,800,938,0.0,27.632509231567383,0.0014876127243041992,1.0,2.6420660388572394e-23,2.6420660388572394e-23
52,80,900,938,0.0,27.63105583190918,3.4183263778686523e-05,1.0,3.743671070834175e-22,3.743671070834175e-22
53,80,0,938,0.0,27.631032943725586,1.0877847671508789e-05,1.0,3.457695676719478e-23,3.4577045119616164e-23
53,80,100,938,0.0,27.63111686706543,9.557604789733887e-05,1.0,1.1986947347529537e-23,1.1986963124747641e-23
53,80,200,938,0.0,27.631040573120117,1.9431114196777344e-05,1.0,2.513902552821932e-22,2.5138906883539173e-22
53,80,300,938,3.725290742551124e-09,27.631025314331055,3.039836883544922e-06,1.0,9.908845858423851e-23,9.908740466606914e-23
53,80,400,938,0.0,27.631046295166016,2.561509609222412e-05,1.0,3.6881045921946206e-23,3.688105223283345e-23
53,80,500,938,0.0,27.631038665771484,1.7344951629638672e-05,1.0,2.949642748030731e-23,2.949643379119455e-23
53,80,600,938,0.0,27.63103485107422,1.2606382369995117e-05,1.0,1.0130329096746344e-21,1.0133630952951237e-21
53,80,700,938,0.0,27.631031036376953,8.732080459594727e-06,1.0,9.721341983178412e-24,9.721341983178412e-24
53,80,800,938,0.0,27.63103485107422,1.2755393981933594e-05,1.0,3.937850460608993e-24,3.937850460608993e-24
53,80,900,938,0.0,27.63104820251465,2.6717782020568848e-05,1.0,3.80612512559165e-23,3.80612512559165e-23
54,80,0,938,0.0,27.631038665771484,1.728534698486328e-05,1.0,2.723444456523296e-23,2.723417004163794e-23
54,80,100,938,0.0,27.631027221679688,6.0498714447021484e-06,1.0,5.204738197427687e-24,5.204738197427687e-24
54,80,200,938,0.0,27.631040573120117,1.9416213035583496e-05,1.0,4.831783457442646e-23,4.8317806175433874e-23
54,80,300,938,0.0,27.63104820251465,2.7388334274291992e-05,1.0,2.7090341765954426e-23,2.7090228169984074e-23
54,80,400,938,0.0,27.631040573120117,1.971423625946045e-05,1.0,4.484591573558585e-23,4.4845903113811366e-23
54,80,500,938,0.0,27.631074905395508,5.3942203521728516e-05,1.0,8.58909229249741e-24,8.58909229249741e-24
54,80,600,938,0.0,27.63102912902832,7.510185241699219e-06,1.0,1.7208517864522377e-23,1.7208517864522377e-23
54,80,700,938,5.587936335871291e-09,27.63103485107422,1.315772533416748e-05,1.0,2.3217919823254916e-23,2.3218137548864757e-23
54,80,800,938,0.0,27.631025314331055,3.7848949432373047e-06,1.0,6.509399986490255e-23,6.509439745079878e-23
54,80,900,938,3.7252949169896965e-08,27.631027221679688,6.258487701416016e-06,1.0,4.616160572121732e-22,4.616053539474111e-22
55,80,0,938,0.0,27.63103675842285,1.5214085578918457e-05,1.0,2.3695175306659473e-22,2.3695240939886787e-22
55,80,100,938,0.0,27.631027221679688,5.602836608886719e-06,1.0,4.594456074056534e-24,4.5944608072219655e-24
55,80,200,938,0.0,27.63102912902832,8.434057235717773e-06,1.0,1.724768007530117e-23,1.7247733717842724e-23
55,80,300,938,0.0,27.631025314331055,4.231929779052734e-06,1.0,2.3884710814280218e-23,2.3884710814280218e-23
55,80,400,938,0.0,27.63102912902832,8.07642936706543e-06,1.0,4.040542795528854e-24,4.0405526562901695e-24
55,80,500,938,0.0,27.63103485107422,1.4007091522216797e-05,1.0,9.666459825596919e-23,9.666459825596919e-23
55,80,600,938,0.0,27.63102149963379,5.9604644775390625e-06,1.0,4.156998236336772e-18,4.156998236336772e-18
55,80,700,938,0.0,27.63130760192871,0.0002869740128517151,1.0,5.666945007328231e-22,5.666939958618438e-22
55,80,800,938,0.0,27.631149291992188,0.00012867897748947144,1.0,1.2533417013441642e-22,1.2533411964731849e-22
55,80,900,938,2.0489110852395243e-08,27.63113784790039,0.00011664628982543945,1.0,2.6149539939500605e-23,2.6150918868362932e-23
56,80,0,938,0.0,27.631366729736328,0.00034462660551071167,1.0,6.617520126200143e-22,6.617520126200143e-22
56,80,100,938,0.0,27.631269454956055,0.0002478361129760742,1.0,1.900133225643039e-21,1.9001265613461117e-21
56,80,200,938,0.0,27.63103675842285,1.6123056411743164e-05,1.0,1.5161050337166884e-21,1.5161009947488536e-21
56,80,300,938,0.0,27.717296600341797,0.08627473562955856,1.0,4.855275041002531e-22,4.855311896584023e-22
56,80,400,938,0.0,27.631031036376953,9.745359420776367e-06,1.0,9.766728085618344e-22,9.766728085618344e-22
56,80,500,938,0.0,27.631122589111328,0.00010126829147338867,1.0,6.112367428852223e-22,6.113116152514587e-22
56,80,600,938,0.0,27.631046295166016,2.5212764739990234e-05,1.0,1.125369428881395e-21,1.125370135700766e-21
56,80,700,938,0.0,27.631032943725586,1.0639429092407227e-05,1.0,5.685818094277973e-22,5.685818094277973e-22
56,80,800,938,0.0,27.631025314331055,3.904104232788086e-06,1.0,1.2579052301264316e-21,1.2579052301264316e-21
56,80,900,938,0.0,27.631027221679688,5.245208740234375e-06,1.0,8.415640838318779e-22,8.415743831998565e-22
57,80,0,938,0.0,27.631023406982422,1.6391277313232422e-06,1.0,6.250689455417296e-22,6.250700057707862e-22
57,80,100,938,0.0,27.631023406982422,2.175569534301758e-06,1.0,2.9017340892969553e-22,2.9017330795549966e-22
57,80,200,938,0.0,27.631023406982422,2.5033950805664062e-06,1.0,3.088135988966673e-22,3.088140027934508e-22
57,80,300,938,0.0,27.631023406982422,1.430511474609375e-06,1.0,4.7334547223972335e-22,4.7334547223972335e-22
57,80,400,938,0.0,27.63103485107422,1.4036893844604492e-05,1.0,1.8717459460618033e-21,1.871740089558443e-21
57,80,500,938,0.0,27.63102149963379,2.980232238769531e-07,1.0,4.769174344185641e-22,4.769174344185641e-22
57,80,600,938,0.0,27.63102149963379,4.470348358154297e-07,1.0,3.9683803084969146e-22,3.9683803084969146e-22
57,80,700,938,0.0,27.63102149963379,5.364418029785156e-07,1.0,9.46530496482212e-22,9.46530496482212e-22
57,80,800,938,0.0,27.63102149963379,1.4901161193847656e-07,1.0,8.933946434420503e-22,8.933946434420503e-22
57,80,900,938,0.0,27.631023406982422,1.7881393432617188e-06,1.0,2.1099855745096e-22,2.1099886037354761e-22
58,80,0,938,0.0,27.63102149963379,5.364418029785156e-07,1.0,2.755348717833722e-21,2.755355584079041e-21
58,80,100,938,0.0,27.631023406982422,1.5497207641601562e-06,1.0,5.568305334868416e-22,5.568301800771561e-22
58,80,200,938,0.0,27.653989791870117,0.022968947887420654,1.0,6.847219761058184e-22,6.847212692864473e-22
58,80,300,938,0.0,27.631023406982422,1.996755599975586e-06,1.0,2.793337785161367e-22,2.7933504069358507e-22
58,80,400,938,0.0,27.631023406982422,2.4437904357910156e-06,1.0,2.1246333962332335e-21,2.1246257221943475e-21
58,80,500,938,0.0,27.631023406982422,1.1026859283447266e-06,1.0,9.003231014875233e-23,9.003232277052681e-23
58,80,600,938,0.0,27.631023406982422,1.6987323760986328e-06,1.0,1.0004882794767416e-21,1.0004882794767416e-21
58,80,700,938,0.0,27.63111686706543,9.522587060928345e-05,1.0,2.4618021901603994e-21,2.4618021901603994e-21
58,80,800,938,0.0,27.631023406982422,1.2218952178955078e-06,1.0,6.828745926078905e-21,6.828745926078905e-21
58,80,900,938,0.0,27.631025314331055,3.874301910400391e-06,1.0,1.2212656324394682e-21,1.2212655314652723e-21
59,80,0,938,0.0,27.631023406982422,2.086162567138672e-06,1.0,2.294725186479836e-22,2.294727710834733e-22
59,80,100,938,0.0,27.631031036376953,9.939074516296387e-06,1.0,5.730100327876011e-22,5.730100327876011e-22
59,80,200,938,0.0,27.63104248046875,2.1651387214660645e-05,1.0,4.504321552778014e-21,4.504321552778014e-21
59,80,300,938,0.0,27.63103485107422,1.2740492820739746e-05,1.0,7.979364659456537e-21,7.979364659456537e-21
59,80,400,938,0.0,27.631023406982422,2.652406692504883e-06,1.0,1.835423952610524e-20,1.8354287993719257e-20
59,80,500,938,0.0,27.631025314331055,3.129243850708008e-06,1.0,4.683983323899328e-21,4.683983323899328e-21
59,80,600,938,0.0,27.631025314331055,4.231929779052734e-06,1.0,1.3324753805945344e-21,1.3324747747493592e-21
59,80,700,938,0.0,27.63103485107422,1.2546777725219727e-05,1.0,1.903974445612582e-20,1.903974445612582e-20
59,80,800,938,0.0,27.631027221679688,6.0051679611206055e-06,1.0,1.1752679324506053e-23,1.1752608327024583e-23
59,80,900,938,0.0,27.63117790222168,0.00015722215175628662,1.0,6.0141341775307784e-21,6.0141341775307784e-21
60,80,0,938,0.0,27.63117218017578,0.00014991313219070435,1.0,1.4382455882336584e-20,1.438243326411671e-20
60,80,100,938,0.0,27.631202697753906,0.00018180161714553833,1.0,9.265858309762374e-21,9.265858309762374e-21
60,80,200,938,0.0,27.631046295166016,2.4870038032531738e-05,1.0,6.73691272221418e-21,6.736958362550712e-21
60,80,300,938,0.0,27.631061553955078,4.106014966964722e-05,1.0,2.0796921646432803e-20,2.0796921646432803e-20
60,80,400,938,0.0,27.631032943725586,1.0907649993896484e-05,1.0,1.7482349155208867e-21,1.7482349155208867e-21
60,80,500,938,0.0,27.631025314331055,3.6954879760742188e-06,1.0,4.1034903458914174e-21,4.103529119982631e-21
60,80,600,938,0.0,27.63105583190918,3.3602118492126465e-05,1.0,1.4878951657975933e-21,1.4878951657975933e-21
60,80,700,938,0.0,27.631031036376953,1.1563301086425781e-05,1.0,1.2467058104776388e-19,1.2467058104776388e-19
60,80,800,938,1.862645371275562e-09,27.631046295166016,2.504885196685791e-05,1.0,1.2344452489654983e-20,1.2344978363267065e-20
60,80,900,938,0.0,27.631105422973633,8.589774370193481e-05,1.0,1.2640232243423485e-19,1.2640528218986415e-19
61,80,0,938,0.0,27.631027221679688,4.857778549194336e-06,1.0,1.714270911881202e-20,1.7142689731766414e-20
61,80,100,938,0.0,27.63102149963379,1.4901161193847656e-06,1.0,1.2012496508784357e-19,1.2012496508784357e-19
61,80,200,938,3.725290742551124e-09,27.631019592285156,2.9802322387695312e-08,1.0,1.868580194995005e-19,1.868783112739022e-19
61,80,300,938,0.0,27.631107330322266,8.732080459594727e-05,1.0,7.018891161332691e-20,7.018891161332691e-20
61,80,400,938,0.0,27.63102149963379,1.7881393432617188e-07,1.0,2.39750432639153e-20,2.39750432639153e-20
61,80,500,938,0.0,27.631019592285156,4.470348358154297e-07,1.0,1.7184342799252434e-20,1.7184242632850133e-20
61,80,600,938,0.0,27.631025314331055,4.887580871582031e-06,1.0,1.7002831907877024e-19,1.7002919795817107e-19
61,80,700,938,0.0,27.631032943725586,1.1086463928222656e-05,1.0,1.377017905474682e-20,1.37703115328918e-20
61,80,800,938,0.0,27.63102149963379,1.341104507446289e-06,1.0,1.9981231412693447e-19,1.9981231412693447e-19
61,80,900,938,0.0,27.63102149963379,2.3543834686279297e-06,1.0,2.7566830474034753e-19,2.7566830474034753e-19
62,80,0,938,0.0,27.631019592285156,2.384185791015625e-07,1.0,6.702333664552622e-20,6.702333664552622e-20
62,80,100,938,0.0,27.63102149963379,1.0132789611816406e-06,1.0,1.8286167731570954e-19,1.8286167731570954e-19
62,80,200,938,0.0,27.631019592285156,8.642673492431641e-07,1.0,3.510213824660254e-19,3.510213824660254e-19
62,80,300,938,0.0,27.63102149963379,1.2218952178955078e-06,1.0,1.2468933995309293e-18,1.2468933995309293e-18
62,80,400,938,0.0,27.631019592285156,5.960464477539062e-07,1.0,1.405719780260565e-19,1.405719780260565e-19
62,80,500,938,0.0,27.631019592285156,4.172325134277344e-07,1.0,1.0768506694149248e-19,1.0768506694149248e-19
62,80,600,938,0.0,27.631019592285156,1.7881393432617188e-07,1.0,6.193890298940711e-20,6.193918733274268e-20
62,80,700,938,0.0,27.63102149963379,1.7285346984863281e-06,1.0,1.6586962977506868e-19,1.6586962977506868e-19
62,80,800,938,0.0,27.631486892700195,0.0004652738571166992,1.0,1.1552777635543514e-20,1.1552777635543514e-20
62,80,900,938,0.0,27.631019592285156,1.7881393432617188e-07,1.0,6.756956665549532e-20,6.756956665549532e-20
63,80,0,938,0.0,27.631023406982422,2.1457672119140625e-06,1.0,2.177830520415448e-20,2.177830520415448e-20
63,80,100,938,0.0,27.63102149963379,1.5497207641601562e-06,1.0,1.3198183661166402e-19,1.3198183661166402e-19
63,80,200,938,0.0,27.63102149963379,1.0728836059570312e-06,1.0,1.9943771246184276e-18,1.9943771246184276e-18
63,80,300,938,0.0,27.631025314331055,5.602836608886719e-06,1.0,1.4944772939632706e-19,1.4945158095605426e-19
63,80,400,938,0.0,27.63094139099121,1.5497207641601562e-06,1.0,8.002471485871581e-17,8.002471485871581e-17
63,80,500,938,0.0,27.631044387817383,2.752244472503662e-05,1.0,2.2704155668334985e-18,2.2704155668334985e-18
63,80,600,938,0.0,27.631017684936523,1.7881393432617188e-07,1.0,1.9579855203643103e-18,1.9579855203643103e-18
63,80,700,938,0.0,27.631032943725586,1.3530254364013672e-05,1.0,5.164353778952452e-19,5.164353778952452e-19
63,80,800,938,0.0,27.63102149963379,2.771615982055664e-06,1.0,7.573987771986534e-19,7.573987771986534e-19
63,80,900,938,0.0,27.631019592285156,5.960464477539063e-08,1.0,9.425505945130955e-19,9.425505945130955e-19
64,80,0,938,0.0,27.63100814819336,8.940696716308594e-08,1.0,1.2610135173438167e-17,1.2610135173438167e-17
64,80,100,938,0.0,27.630966186523438,1.8924474716186523e-06,1.0,5.623668127269544e-17,5.623668127269544e-17
64,80,200,938,0.0,27.630985260009766,1.4990568161010742e-05,1.0,5.2233947671106437e-17,5.2233947671106437e-17
64,80,300,938,0.0,27.631010055541992,0.0,1.0,9.911833964982013e-18,9.911833964982013e-18
64,80,400,938,0.0,27.631023406982422,3.7848949432373047e-06,1.0,1.565489457081241e-19,1.565489457081241e-19
64,80,500,938,0.0,27.631040573120117,2.0831823348999023e-05,1.0,2.1800052945681237e-19,2.1800052945681237e-19
64,80,600,938,0.0,27.63102149963379,1.1920928955078125e-07,1.0,5.728789682813641e-22,5.728789682813641e-22
64,80,700,938,0.0,27.631019592285156,0.0,1.0,1.9510091954003117e-20,1.9510091954003117e-20
64,80,800,938,0.0,27.63102149963379,0.0,1.0,1.6626944992733204e-22,1.6626944992733204e-22
64,80,900,938,0.0,27.63102149963379,0.0,1.0,1.1132970549975781e-21,1.1132970549975781e-21
65,80,0,938,0.0,27.631072998046875,5.2422285079956055e-05,1.0,1.5446404424432629e-21,1.5446404424432629e-21
65,80,100,938,0.0,27.63102149963379,0.0,1.0,2.733720448975518e-21,2.733720448975518e-21
65,80,200,938,0.0,27.63102149963379,0.0,1.0,9.147279060896056e-21,9.147279060896056e-21
65,80,300,938,0.0,27.631019592285156,2.086162567138672e-07,1.0,1.4402159259904112e-19,1.4402159259904112e-19
65,80,400,938,0.0,27.63102149963379,0.0,1.0,4.564001152177391e-23,4.564001152177391e-23
65,80,500,938,0.0,27.63102149963379,0.0,1.0,4.874445295010714e-21,4.874445295010714e-21
65,80,600,938,0.0,27.631019592285156,0.0,1.0,1.6662018632103545e-20,1.6662018632103545e-20
65,80,700,938,0.0,27.631019592285156,0.0,1.0,1.9249926203014144e-19,1.9249926203014144e-19
65,80,800,938,0.0,27.630699157714844,0.0,1.0,3.251210236582524e-16,3.251210236582524e-16
65,80,900,938,2.9243761900943355e-07,27.631113052368164,9.168684482574463e-05,0.9999997615814209,4.76784123236469e-23,4.767919487366488e-23
66,80,0,938,9.36934782203025e-07,27.631023406982422,2.592802047729492e-06,0.9999990463256836,6.69607835350826e-21,6.697006912213465e-21
66,80,100,938,9.313227522511625e-09,27.63102149963379,3.8743019104003906e-07,1.0,2.631959260224631e-21,2.6388901290290303e-21
66,80,200,938,3.166498885320834e-08,27.63102149963379,3.129243850708008e-07,1.0,1.9317280515302268e-21,1.9317565262534616e-21
66,80,300,938,7.04093224612734e-07,27.63102149963379,3.8743019104003906e-07,0.9999992847442627,5.0150509918548675e-23,5.015232114318706e-23
66,80,400,938,1.378362952664247e-07,27.63102149963379,1.7881393432617188e-07,0.9999998807907104,9.754223441202015e-22,9.756192438021447e-22
66,80,500,938,9.313226634333205e-09,27.63102149963379,0.0,1.0,4.8227311586483775e-21,4.822751353487551e-21
66,80,600,938,5.867398158443393e-07,27.63102149963379,0.0,0.999999463558197,3.607598395943362e-21,3.6076820025775406e-21
66,80,700,938,1.5646291728899087e-07,27.63102149963379,1.1920928955078125e-07,0.9999998807907104,5.22490855351429e-21,5.224929556147031e-21
66,80,800,938,2.1606750522096263e-07,27.63102149963379,0.0,0.9999997615814209,4.686425990671578e-22,4.686565839932855e-22
66,80,900,938,1.4901196720984444e-07,27.63102149963379,0.0,0.9999998807907104,2.93510055793775e-21,2.935352791479029e-21
67,80,0,938,9.313226634333205e-09,27.63102149963379,0.0,1.0,6.947198856226191e-22,6.94723015822691e-22
67,80,100,938,4.284089882844455e-08,27.63102149963379,0.0,1.0,7.209881207293629e-22,7.209907460584555e-22
67,80,200,938,1.4901166522918174e-08,27.63102149963379,5.960464477539063e-08,1.0,8.856739544775691e-23,8.856766050502106e-23
67,80,300,938,1.8626462150450607e-08,27.63102149963379,0.0,1.0,1.8621873247841275e-21,1.862193787132663e-21
67,80,400,938,1.4901164746561335e-08,27.631027221679688,6.22868537902832e-06,1.0,2.6607270105758983e-21,2.66072721252429e-21
67,80,500,938,3.35276340024393e-08,27.63102149963379,1.043081283569336e-07,1.0,7.822243257104705e-22,7.823537241424758e-22
67,80,600,938,3.725290742551124e-09,27.63102149963379,2.9802322387695312e-08,1.0,1.4291439610203532e-23,1.4291480630970603e-23
67,80,700,938,2.7939702107460107e-08,27.63102149963379,0.0,1.0,8.444025189648335e-22,8.445266667386535e-22
67,80,800,938,4.6566160705197035e-08,27.63102149963379,0.0,1.0,1.0217737914270708e-22,1.0217912725847305e-22
67,80,900,938,8.381918092936758e-08,27.631023406982422,9.834766387939453e-07,0.9999999403953552,5.1176941523413405e-21,5.1177385809875226e-21
68,80,0,938,4.2840863301307763e-08,27.631023406982422,9.834766387939453e-07,1.0,2.1017797045339718e-21,2.101795658456919e-21
68,80,100,938,7.450581485102248e-09,27.63102149963379,0.0,1.0,4.010838847143376e-21,4.010843290007994e-21
68,80,200,938,3.7252924300901213e-08,27.631027221679688,5.4836273193359375e-06,1.0,9.088242275849351e-21,9.090770669713893e-21
68,80,300,938,2.924379600699467e-07,27.631019592285156,0.0,0.9999997019767761,1.7781357175188314e-20,1.7782919447946788e-20
68,80,400,938,1.4901164746561335e-08,27.63102149963379,5.960464477539063e-08,1.0,1.6085054348831545e-22,1.6085752332960485e-22
68,80,500,938,3.16649959586357e-08,27.63102149963379,2.9802322387695312e-08,1.0,4.679080622793139e-22,4.679129595278135e-22
68,80,600,938,2.5145891413558275e-07,27.631023406982422,1.169741153717041e-06,0.9999997615814209,9.003869045575376e-22,9.00434059507008e-22
68,80,700,938,1.75089439835574e-07,27.631023406982422,2.5779008865356445e-06,0.9999998807907104,1.191834532108444e-22,1.1920133826528757e-22
68,80,800,938,1.6018820758745278e-07,27.631023406982422,1.3560056686401367e-06,0.9999998211860657,1.1380804039695612e-20,1.1381293562597181e-20
68,80,900,938,3.53902720462429e-08,27.631025314331055,3.7550926208496094e-06,1.0,3.157814999874014e-22,3.1582378293192125e-22
69,80,0,938,5.587936335871291e-09,27.63102149963379,0.0,1.0,1.4852886179054492e-21,1.4852843769892228e-21
69,80,100,938,3.5626665066956775e-06,27.631019592285156,0.0,0.9999964833259583,4.409285221238148e-19,4.412916027139373e-19
69,80,200,938,5.587936335871291e-09,27.631019592285156,0.0,1.0,2.0444033795538037e-20,2.0444478081999858e-20
69,80,300,938,5.587936335871291e-09,27.631019592285156,0.0,1.0,4.509042944618102e-20,4.509059423606868e-20
69,80,400,938,5.96047158296642e-08,27.631019592285156,5.960464477539063e-08,0.9999999403953552,1.440763286911374e-19,1.440779830523625e-19
69,80,500,938,1.3038518709151958e-08,27.63102149963379,0.0,1.0,6.692961482030198e-21,6.693334682658127e-21
69,80,600,938,1.676381167214913e-08,27.63102149963379,0.0,1.0,1.2545636910625623e-21,1.2545731826369739e-21
69,80,700,938,5.587936335871291e-09,27.63102149963379,0.0,1.0,5.567851253909597e-21,5.567836309728608e-21
69,80,800,938,4.6566164257910714e-08,27.63102149963379,0.0,1.0,6.436381607464256e-21,6.436478946589073e-21
69,80,900,938,1.0430829888719018e-07,27.63102149963379,0.0,0.9999998807907104,1.1439507205999167e-20,1.1439873136484994e-20
70,80,0,938,2.7939702107460107e-08,27.63102149963379,0.0,1.0,3.9298522913988225e-21,3.929957708459309e-21
70,80,100,938,1.862645371275562e-09,27.63102149963379,0.0,1.0,9.55288836673114e-21,9.552967530500701e-21
70,80,200,938,0.0,27.63102149963379,0.0,1.0,1.8896852236481553e-20,1.889853567827507e-20
70,80,300,938,3.725290742551124e-09,27.631019592285156,0.0,1.0,2.2901593857781618e-20,2.2901758647669275e-20
70,80,400,938,1.862645371275562e-09,27.631019592285156,0.0,1.0,1.3068308550177334e-19,1.3068293040540849e-19
70,80,500,938,4.842883427613742e-08,27.631019592285156,1.7881393432617188e-07,0.9999999403953552,2.3547898181585428e-20,2.354817283139819e-20
70,80,600,938,3.725290742551124e-09,27.631019592285156,0.0,1.0,7.008755613889502e-20,7.009083901195109e-20
70,80,700,938,3.725290742551124e-09,27.631019592285156,0.0,1.0,8.972605172712566e-20,8.979694369056087e-20
70,80,800,938,1.862645371275562e-09,27.631019592285156,0.0,1.0,8.361935208086172e-20,8.361966873593996e-20
70,80,900,938,4.65661997850475e-08,27.631019592285156,0.0,0.9999999403953552,3.30987501007343e-20,3.309940279793639e-20
71,80,0,938,0.0,27.631019592285156,0.0,1.0,5.24162795780139e-19,5.241748415978093e-19
71,80,100,938,3.725290742551124e-09,27.63102149963379,0.0,1.0,7.974198011802348e-21,7.974178624756741e-21
71,80,200,938,0.0,27.631019592285156,0.0,1.0,4.0796473494107166e-20,4.0797394378773485e-20
71,80,300,938,1.8626462150450607e-08,27.631019592285156,0.0,1.0,1.740306738316387e-18,1.7404256455294414e-18
71,80,400,938,1.1175872671742582e-08,27.631019592285156,0.0,1.0,1.3503488270441482e-19,1.350363302704868e-19
71,80,500,938,3.539027559895658e-08,27.631019592285156,0.0,1.0,2.2604405958267215e-19,2.2605450273790563e-19
71,80,600,938,1.862645371275562e-09,27.63102149963379,0.0,1.0,9.787348026156608e-22,9.816020658815367e-22
71,80,700,938,0.0,27.63102149963379,0.0,1.0,7.422914445278433e-21,7.422940294672575e-21
71,80,800,938,0.0,27.63102149963379,0.0,1.0,1.323087749020142e-20,1.3230984926745824e-20
71,80,900,938,0.0,27.63102149963379,0.0,1.0,1.4644213915615044e-21,1.4644231081228342e-21
72,80,0,938,1.862645371275562e-09,27.63102149963379,0.0,1.0,8.360520034536239e-22,8.360701283217822e-22
72,80,100,938,0.0,27.63102149963379,0.0,1.0,2.197472899471252e-22,2.197492084568467e-22
72,80,200,938,0.0,27.631019592285156,0.0,1.0,2.2189755826830868e-19,2.219028315447137e-19
72,80,300,938,4.47035120032524e-08,27.631019592285156,0.0,1.0,1.8996503912722038e-19,1.899774339117116e-19
72,80,400,938,0.0,27.631019592285156,0.0,1.0,4.693276488055034e-19,4.693294582630933e-19
72,80,500,938,5.587936335871291e-09,27.631019592285156,0.0,1.0,9.187672131976353e-20,9.187699273840202e-20
72,80,600,938,1.4901166522918174e-08,27.631019592285156,0.0,1.0,1.086913256943147e-18,1.086927422411137e-18
72,80,700,938,0.0,27.63102149963379,0.0,1.0,1.8255401136427956e-20,1.8255504534004525e-20
72,80,800,938,1.862645371275562e-09,27.631019592285156,0.0,1.0,2.535053185460904e-19,2.5350601647973225e-19
72,80,900,938,4.824310622097983e-07,27.631019592285156,0.0,0.9999995231628418,1.4109151465916457e-18,1.411099401073092e-18
73,80,0,938,0.0,27.631019592285156,0.0,1.0,1.4431653677114398e-18,1.4431687798314665e-18
73,80,100,938,0.0,27.631019592285156,0.0,1.0,4.845360881503268e-19,4.845350541745611e-19
73,80,200,938,0.0,27.631019592285156,0.0,1.0,4.2584754614150703e-19,4.2584803727999573e-19
73,80,300,938,0.0,27.631019592285156,0.0,1.0,6.603953067645599e-19,6.604226554235624e-19
73,80,400,938,1.117587533627784e-08,27.631019592285156,0.0,1.0,1.0693920206056253e-18,1.0693890220759048e-18
73,80,500,938,1.862645371275562e-09,27.631019592285156,0.0,1.0,7.01497032522919e-19,7.014952747641173e-19
73,80,600,938,6.146741071688666e-08,27.630964279174805,0.0,0.9999999403953552,5.7332774993667e-17,5.733962404913894e-17
73,80,700,938,3.166499240592202e-08,27.631019592285156,0.0,1.0,1.6263742928633596e-18,1.6270436887740682e-18
73,80,800,938,1.862645371275562e-09,27.63101577758789,0.0,1.0,6.128810287435059e-18,6.128806978712609e-18
73,80,900,938,0.6179467439651489,13.835785865783691,1.74919855594635,0.9489607214927673,0.1076100617647171,0.06574870645999908
74,80,0,938,1.497912883758545,5.2512054443359375,0.662379264831543,0.5318964123725891,0.000738015805836767,0.08091950416564941
74,80,100,938,0.1379568725824356,5.892732620239258,0.5490673780441284,0.9731521010398865,0.08325408399105072,0.008758164010941982
74,80,200,938,0.054124440997838974,5.811364650726318,0.1357111781835556,0.9633322954177856,0.014608876779675484,0.006235563196241856
74,80,300,938,0.04423674941062927,4.949479103088379,0.14318731427192688,0.9847112894058228,0.026122435927391052,0.01395527645945549
74,80,400,938,0.03766149282455444,5.783228397369385,0.03482469171285629,0.9872623085975647,0.023346908390522003,0.005817730445414782
74,80,500,938,0.0920998603105545,4.934929370880127,0.017908962443470955,0.9325959086418152,0.0019977185875177383,0.010358916595578194
74,80,600,938,0.07815739512443542,4.826704025268555,0.005512667819857597,0.9772011637687683,0.05092216283082962,0.010918640531599522
74,80,700,938,0.024480944499373436,5.539853096008301,0.003803294152021408,0.984421968460083,0.008222188800573349,0.00597788579761982
74,80,800,938,0.12354603409767151,4.6921772956848145,0.015498857013881207,0.9981444478034973,0.10671934485435486,0.015539064072072506
74,80,900,938,0.04386478289961815,5.5996479988098145,7.729465141892433e-05,0.9772103428840637,0.018336515873670578,0.0067787375301122665
75,80,0,938,0.024118101224303246,5.997057914733887,0.012968950904905796,0.9841760993003845,0.004001433961093426,0.003455839352682233
75,80,100,938,0.03067433275282383,5.062057018280029,0.0003986142110079527,0.9841010570526123,0.011590375564992428,0.009302756749093533
75,80,200,938,0.007834533229470253,5.768552780151367,0.0006983975763432682,0.9976529479026794,0.0054107303731143475,0.0047143325209617615
75,80,300,938,0.013584069907665253,4.976648330688477,0.0002648942172527313,0.9984307885169983,0.01189129427075386,0.010660835541784763
75,80,400,938,0.012418597005307674,5.92326021194458,5.674222484230995e-05,0.9906871914863586,0.002727435901761055,0.0032395217567682266
75,80,500,938,0.007350223138928413,5.932930946350098,3.740563988685608e-05,0.998993992805481,0.006315318867564201,0.003158330684527755
75,80,600,938,0.018009379506111145,5.533309459686279,0.00012996874283999205,0.9964126944541931,0.014204503037035465,0.004328698385506868
75,80,700,938,0.014296562410891056,5.593307018280029,1.9920989871025085e-05,0.9988412261009216,0.013009069487452507,0.004299384541809559
75,80,800,938,0.11178414523601532,4.455704689025879,0.018810277804732323,0.952714204788208,0.041504353284835815,0.015344658866524696
75,80,900,938,0.018194368109107018,5.686713218688965,0.0020510945469141006,0.9887876510620117,0.006609699223190546,0.003966439515352249
76,80,0,938,3.5947017669677734,0.00024809446767903864,0.00021708756685256958,0.2467345893383026,5.775013391939865e-07,0.9999690055847168
76,80,100,938,0.0476580485701561,4.871471881866455,1.4472752809524536e-05,0.9856045246124268,0.03141503408551216,0.00920254085212946
76,80,200,938,0.03504844009876251,4.579831123352051,2.0090490579605103e-05,0.9806085824966431,0.014302285388112068,0.011386030353605747
76,80,300,938,0.026314804330468178,4.700441837310791,1.2926757335662842e-05,0.9791490435600281,0.003779743565246463,0.009722786024212837
76,80,400,938,0.07838040590286255,3.8078861236572266,0.0002598239225335419,0.9715837836265564,0.04547211900353432,0.025054726749658585
76,80,500,938,0.03306378051638603,5.276599407196045,0.00011325487866997719,0.9922332763671875,0.024620600044727325,0.006298515014350414
76,80,600,938,0.02753596194088459,4.703866481781006,6.067007780075073e-05,0.9863933324813843,0.012562687508761883,0.011293711140751839
76,80,700,938,0.08615004271268845,3.9419801235198975,4.077330231666565e-06,0.9550701975822449,0.027349989861249924,0.024856388568878174
76,80,800,938,0.14261087775230408,4.263234615325928,0.0002701922785490751,0.935659646987915,0.0035877765621989965,0.018708650022745132
76,80,900,938,0.03696363419294357,4.692788124084473,0.002685447223484516,0.9863095283508301,0.02253037877380848,0.009959952905774117
77,80,0,938,0.038129810243844986,6.512223243713379,1.7195940017700195e-05,0.9674167633056641,0.0026636775583028793,0.0017265481874346733
77,80,100,938,0.02063787169754505,4.751015663146973,0.0013824403285980225,0.9962326288223267,0.01662146858870983,0.009631329216063023
77,80,200,938,0.011821546591818333,7.675051689147949,0.00013648314052261412,0.989651083946228,0.0009166884701699018,0.0007248855545185506
77,80,300,938,0.00856922660022974,5.813727855682373,3.753695636987686e-05,0.9940497875213623,0.002348644658923149,0.003478697268292308
77,80,400,938,0.009019574150443077,5.882143020629883,7.131695747375488e-05,0.9980909824371338,0.007059095427393913,0.0031469492241740227
77,80,500,938,0.003197253216058016,7.161010265350342,8.864328265190125e-06,0.997778594493866,0.000942882732488215,0.0009779974352568388
77,80,600,938,0.005437012761831284,6.0330328941345215,6.060488522052765e-05,0.9987466931343079,0.004166353028267622,0.0025574099272489548
77,80,700,938,0.0018555838614702225,8.651518821716309,2.372637391090393e-05,0.9985273480415344,0.00037781771970912814,0.0002014836936723441
77,80,800,938,0.081499382853508,4.121286392211914,3.0279159545898438e-05,0.9748408198356628,0.01748841255903244,0.019014501944184303
77,80,900,938,0.010275445878505707,5.11877965927124,0.0001661796122789383,0.9976423978805542,0.007864327169954777,0.006166413892060518
78,80,0,938,0.007058549672365189,5.874163627624512,5.730427801609039e-05,0.9991955757141113,0.006226733792573214,0.003249584697186947
78,80,100,938,0.011449014768004417,5.454916477203369,0.037124957889318466,0.9991055130958557,0.010479068383574486,0.005799959413707256
78,80,200,938,0.003491732757538557,6.318666934967041,2.931058406829834e-05,0.9991114139556885,0.0025954607408493757,0.0018730002921074629
78,80,300,938,1.393775224685669,14.032480239868164,2.468482732772827,0.9011341333389282,0.3072018623352051,7.146069401642308e-05
78,80,400,938,0.03414474427700043,4.527837753295898,0.0001455536112189293,0.9815666079521179,0.014522205106914043,0.011727908626198769
78,80,500,938,0.02724405750632286,4.810555934906006,0.000740651972591877,0.9939377903938293,0.020607993006706238,0.008752740919589996
78,80,600,938,0.014937130734324455,5.088738441467285,7.236003875732422e-05,0.9921972751617432,0.0066942330449819565,0.00671033188700676
78,80,700,938,0.012059599161148071,5.8552398681640625,2.596527338027954e-06,0.9957451224327087,0.007694273721426725,0.003285764716565609
78,80,800,938,0.0931081473827362,4.736530780792236,0.0003891177475452423,0.9738437533378601,0.05397212132811546,0.010783038102090359
78,80,900,938,0.020246487110853195,4.763860702514648,0.00038033630698919296,0.9965323805809021,0.016584791243076324,0.00901750847697258
79,80,0,938,0.03272920846939087,4.797946453094482,7.089227437973022e-05,0.9870457649230957,0.017633594572544098,0.00903908908367157
79,80,100,938,0.012317867949604988,6.202046871185303,0.00024285167455673218,0.9905197620391846,0.00249694031663239,0.002203932963311672
79,80,200,938,0.011692154221236706,6.057021617889404,4.148110747337341e-06,0.9907914400100708,0.0016895188018679619,0.002544375602155924
79,80,300,938,0.009954744949936867,6.3138041496276855,8.680857717990875e-05,0.9960576295852661,0.005859145428985357,0.0020367412362247705
79,80,400,938,0.007185100112110376,5.9115214347839355,5.2947551012039185e-05,0.9954097867012024,0.0024457727558910847,0.003072666935622692
79,80,500,938,0.010993706062436104,6.3836164474487305,2.0042061805725098e-05,0.990893542766571,0.0009373552165925503,0.001840899232774973
79,80,600,938,0.0030510583892464638,6.961244583129883,3.571063280105591e-05,0.9978474378585815,0.0008542599389329553,0.0010117314523085952
79,80,700,938,0.047339871525764465,4.677462100982666,0.00015985965728759766,0.9750190377235413,0.015962092205882072,0.010855916887521744
79,80,800,938,0.08380872756242752,1.8862005472183228,0.003349658101797104,0.9292115569114685,0.0011379404459148645,0.18177074193954468
79,80,900,938,0.03268229216337204,4.739711761474609,0.0017362646758556366,0.9933037161827087,0.025449739769101143,0.009290926158428192
